Fid,CityID ,City,CityName,AdministrativeLevel,CityTier,Category_2015_2019,Category_2019_2023,Overall
1,18,北京市,Beijing,Municipality,Tier 1,HV,HV,HVHV
2,204,天津市,Tianjin,Municipality,Tier 1,HNV,HV,HNVHV
3,187,石家庄市,Shijiazhuang,Provincial captial city,Tier 2,HV,HV,HVHV
4,203,唐山市,Tangshan,Prefecture-level city,Tier 3,HV,HV,HVHV
5,164,秦皇岛市,Qinhuangdao,Prefecture-level city,Tier 3,HV,HV,HVHV
6,66,邯郸市,Handan,Prefecture-level city,Tier 3,HNV,HV,HNVHV
7,237,邢台市,Xingtai,Prefecture-level city,Tier 4,HNV,HV,HNVHV
8,15,保定市,Baoding,Prefecture-level city,Tier 3,HV,HV,HVHV
9,266,张家口市,Zhangjiakou,Prefecture-level city,Tier 4,HV,HV,HVHV
10,30,承德市,Chengde,Prefecture-level city,Tier 4,HV,HNV,HVHNV
11,22,沧州市,Cangzhou,Prefecture-level city,Tier 3,HV,HV,HVHV
12,117,廊坊市,Langfang,Prefecture-level city,Tier 3,HV,HV,HVHV
13,76,衡水市,Hengshui,Prefecture-level city,Tier 5,HV,HV,HVHV
14,200,太原市,Taiyuan,Provincial captial city,Tier 2,HV,HV,HVHV
15,38,大同市,Datong,Prefecture-level city,Tier 4,NHV,HV,NHVHV
16,247,阳泉市,Yangquan,Prefecture-level city,Tier 5,NHV,HV,NHVHV
17,271,长治市,Changzhi,Prefecture-level city,Tier 5,HV,HV,HVHV
18,104,晋城市,Jincheng,Prefecture-level city,Tier 5,HV,HV,HVHV
19,190,朔州市,Shuozhou,Prefecture-level city,Tier 5,NHV,HV,NHVHV
20,105,晋中市,Jinzhong,Prefecture-level city,Tier 4,HNV,HV,HNVHV
21,262,运城市,Yuncheng,Prefecture-level city,Tier 4,HNV,HV,HNVHV
22,233,忻州市,Xinzhou,Prefecture-level city,Tier 5,HV,HV,HVHV
23,126,临汾市,Linfen,Prefecture-level city,Tier 4,N_HV,HV,N_HVHV
24,135,吕梁市,Lvliang,Prefecture-level city,Tier 5,N_HV,HV,N_HVHV
25,78,呼和浩特市,Hohhot,Provincial captial city,Tier 3,HV,HV,HVHV
26,13,包头市,Baotou,Prefecture-level city,Tier 3,HV,HV,HVHV
27,217,乌海市,Wuhai,Prefecture-level city,Tier 5,NHV,HV,NHVHV
28,32,赤峰市,Chifeng,Prefecture-level city,Tier 4,HV,HV,HVHV
29,208,通辽市,Tongliao,Prefecture-level city,Tier 5,HNV,HV,HNVHV
30,46,鄂尔多斯市,Erdos,Prefecture-level city,Tier 4,NHV,HV,NHVHV
31,79,呼伦贝尔市,Hulunbuir,Prefecture-level city,Tier 5,HV,HV,HVHV
32,6,巴彦淖尔市,Bayannur,Prefecture-level city,Tier 5,NHV,HV,NHVHV
33,218,乌兰察布市,Ulanqab,Prefecture-level city,Tier 5,NHV,HV,NHVHV
34,28,沈阳市,Shenyang,Sub-provincial city,Tier 1,HV,HV,HVHV
35,36,大连市,Dalian,Sub-provincial city,Tier 2,HV,HV,HVHV
36,5,鞍山市,Anshan,Prefecture-level city,Tier 3,HV,HV,HVHV
37,51,抚顺市,Fushun,Prefecture-level city,Tier 5,N_HV,HV,N_HVHV
38,19,本溪市,Benxi,Prefecture-level city,Tier 5,NHV,HV,NHVHV
39,39,丹东市,Dandong,Prefecture-level city,Tier 4,NHV,HV,NHVHV
40,103,锦州市,Jinzhou,Prefecture-level city,Tier 4,NHV,HNV,NHVHNV
41,255,营口市,Yingkou,Prefecture-level city,Tier 4,NHV,HV,NHVHV
42,53,阜新市,Fuxin,Prefecture-level city,Tier 5,NHV,HV,NHVHV
43,122,辽阳市,Liaoyang,Prefecture-level city,Tier 5,N_HV,HV,N_HVHV
44,155,盘锦市,Panjin,Prefecture-level city,Tier 4,HV,HV,HVHV
45,206,铁岭市,Tieling,Prefecture-level city,Tier 5,NHV,HV,NHVHV
46,25,朝阳市,Chaoyang,Prefecture-level city,Tier 5,NHV,HV,NHVHV
47,81,葫芦岛市,Huludao,Prefecture-level city,Tier 5,NHV,HV,NHVHV
48,269,长春市,Changchun,Sub-provincial city,Tier 2,HV,HV,HVHV
49,92,吉林市,Jilin,Prefecture-level city,Tier 3,HV,HV,HVHV
50,191,四平市,Siping,Prefecture-level city,Tier 5,NHV,HV,NHVHV
51,123,辽源市,Liaoyuan,Prefecture-level city,Tier 5,NHV,HNV,NHVHNV
52,207,通化市,Tonghua,Prefecture-level city,Tier 5,HNV,HV,HNVHV
53,9,白山市,Baishan,Prefecture-level city,Tier 5,HV,HV,HVHV
54,192,松原市,Songyuan,Prefecture-level city,Tier 5,HV,HNV,HVHNV
55,8,白城市,Baicheng,Prefecture-level city,Tier 5,HV,HV,HVHV
56,63,哈尔滨市,Harbin,Sub-provincial city,Tier 2,HV,HV,HVHV
57,162,齐齐哈尔市,Qiqihar,Prefecture-level city,Tier 4,HV,HV,HVHV
58,90,鸡西市,Jixi,Prefecture-level city,Tier 5,HV,HV,HVHV
59,74,鹤岗市,Hegang,Prefecture-level city,Tier 5,NHV,HV,NHVHV
60,189,双鸭山市,Shuangyashan,Prefecture-level city,Tier 5,HV,HV,HVHV
61,37,大庆市,Daqing,Prefecture-level city,Tier 3,HV,HV,HVHV
62,248,伊春市,Yichun,Prefecture-level city,Tier 5,HV,HV,HVHV
63,95,佳木斯市,Jiamusi,Prefecture-level city,Tier 4,HV,HNV,HVHNV
64,161,七台河市,Qitaihe,Prefecture-level city,Tier 5,HV,HV,HVHV
65,143,牡丹江市,Mudanjiang,Prefecture-level city,Tier 4,HNV,HV,HNVHV
66,75,黑河市,Heihe,Prefecture-level city,Tier 5,NHV,HV,NHVHV
67,196,绥化市,Suihua,Prefecture-level city,Tier 4,HV,HV,HVHV
68,180,上海市,Shanghai,Municipality,Tier 1,HV,HV,HVHV
69,146,南京市,Nanjing,Sub-provincial city,Tier 1,HV,HV,HVHV
70,220,无锡市,Wuxi,Prefecture-level city,Tier 2,HV,HV,HVHV
71,238,徐州市,Xuzhou,Prefecture-level city,Tier 2,HV,HV,HVHV
72,24,常州市,Changzhou,Prefecture-level city,Tier 2,HV,HV,HVHV
73,193,苏州市,Suzhou,Prefecture-level city,Tier 1,HV,HV,HVHV
74,149,南通市,Nantong,Prefecture-level city,Tier 2,HV,HV,HVHV
75,121,连云港市,Lianyungang,Prefecture-level city,Tier 3,HV,HV,HVHV
76,83,淮安市,Huai'an,Prefecture-level city,Tier 3,NHV,HV,NHVHV
77,244,盐城市,Yancheng,Prefecture-level city,Tier 3,HV,HV,HVHV
78,245,扬州市,Yangzhou,Prefecture-level city,Tier 2,HV,HV,HVHV
79,274,镇江市,Zhenjiang,Prefecture-level city,Tier 3,HV,HV,HVHV
80,202,泰州市,Taizhou,Prefecture-level city,Tier 3,NHV,HV,NHVHV
81,194,宿迁市,Suqian,Prefecture-level city,Tier 3,HV,HV,HVHV
82,68,杭州市,Hangzhou,Sub-provincial city,Tier 1,HV,HV,HVHV
83,152,宁波市,Ningbo,Sub-provincial city,Tier 1,HV,HV,HVHV
84,216,温州市,Wenzhou,Prefecture-level city,Tier 2,HV,HV,HVHV
85,96,嘉兴市,Jiaxing,Prefecture-level city,Tier 2,HV,HV,HVHV
86,80,湖州市,Huzhou,Prefecture-level city,Tier 3,HV,HV,HVHV
87,184,绍兴市,Shaoxing,Prefecture-level city,Tier 2,HV,HV,HVHV
88,102,金华市,Jinhua,Prefecture-level city,Tier 2,HV,HV,HVHV
89,169,衢州市,Quzhou,Prefecture-level city,Tier 4,HV,HV,HVHV
90,279,舟山市,Zhoushan,Prefecture-level city,Tier 3,HV,HV,HVHV
91,199,台州市,Taizhou,Prefecture-level city,Tier 2,NHV,HV,NHVHV
92,120,丽水市,Lishui,Prefecture-level city,Tier 3,HV,HV,HVHV
93,69,合肥市,Hefei,Provincial captial city,Tier 2,HV,HV,HVHV
94,222,芜湖市,Wuhu,Prefecture-level city,Tier 3,HV,HV,HVHV
95,12,蚌埠市,Bengbu,Prefecture-level city,Tier 3,NHV,HV,NHVHV
96,85,淮南市,Huainan,Prefecture-level city,Tier 4,NHV,HV,NHVHV
97,138,马鞍山市,Maanshan,Prefecture-level city,Tier 3,HV,HV,HVHV
98,84,淮北市,Huaibei,Prefecture-level city,Tier 5,NHV,HV,NHVHV
99,210,铜陵市,Tongling,Prefecture-level city,Tier 4,HV,HV,HVHV
100,2,安庆市,Anqing,Prefecture-level city,Tier 3,HV,HV,HVHV
101,87,黄山市,Huangshan,Prefecture-level city,Tier 4,NHV,HV,NHVHV
102,34,滁州市,Chuzhou,Prefecture-level city,Tier 3,HNV,HV,HNVHV
103,54,阜阳市,Fuyang,Prefecture-level city,Tier 3,HV,HV,HVHV
104,195,宿州市,Suzhou,Prefecture-level city,Tier 4,HNV,HV,HNVHV
105,129,六安市,Lu'an,Prefecture-level city,Tier 4,HV,HV,HVHV
106,21,亳州市,Bozhou,Prefecture-level city,Tier 4,HNV,HV,HNVHV
107,31,池州市,Chizhou,Prefecture-level city,Tier 5,HV,HV,HVHV
108,240,宣城市,Xuancheng,Prefecture-level city,Tier 4,HV,HV,HVHV
109,50,福州市,Fuzhou,Provincial captial city,Tier 2,HV,HV,HVHV
110,175,厦门市,Xiamen,Sub-provincial city,Tier 2,HV,HNV,HVHNV
111,159,莆田市,Putian,Prefecture-level city,Tier 3,NHV,HV,NHVHV
112,173,三明市,Sanming,Prefecture-level city,Tier 3,HV,HV,HVHV
113,170,泉州市,Quanzhou,Prefecture-level city,Tier 2,HV,HV,HVHV
114,268,漳州市,Zhangzhou,Prefecture-level city,Tier 3,HV,HV,HVHV
115,148,南平市,Nanping,Prefecture-level city,Tier 3,NHV,HV,NHVHV
116,131,龙岩市,Longyan,Prefecture-level city,Tier 3,HV,HNV,HVHNV
117,153,宁德市,Ningde,Prefecture-level city,Tier 3,NHV,HV,NHVHV
118,144,南昌市,Nanchang,Provincial captial city,Tier 2,HV,HV,HVHV
119,108,景德镇市,Jingdezhen,Prefecture-level city,Tier 4,HNV,HV,HNVHV
120,158,萍乡市,Pingxiang,Prefecture-level city,Tier 5,HV,HV,HVHV
121,109,九江市,Jiujiang,Prefecture-level city,Tier 3,NHV,HV,NHVHV
122,235,新余市,Xinyu,Prefecture-level city,Tier 5,HNV,HV,HNVHV
123,254,鹰潭市,Yingtan,Prefecture-level city,Tier 4,NHV,HV,NHVHV
124,55,赣州市,Ganzhou,Prefecture-level city,Tier 3,HV,HV,HVHV
125,91,吉安市,Ji'an,Prefecture-level city,Tier 4,NHV,HV,NHVHV
126,251,宜春市,Yichun,Prefecture-level city,Tier 4,N_HV,HV,N_HVHV
127,52,抚州市,Fuzhou,Prefecture-level city,Tier 4,N_HV,HV,N_HVHV
128,181,上饶市,Shangrao,Prefecture-level city,Tier 3,NHV,HV,NHVHV
129,93,济南市,Ji'nan,Sub-provincial city,Tier 2,HV,HV,HVHV
130,165,青岛市,Qingdao,Sub-provincial city,Tier 1,HV,HV,HVHV
131,285,淄博市,Zibo,Prefecture-level city,Tier 3,HV,HV,HVHV
132,263,枣庄市,Zaozhuang,Prefecture-level city,Tier 4,HV,HV,HVHV
133,45,东营市,Dongying,Prefecture-level city,Tier 4,HV,HV,HVHV
134,242,烟台市,Yantai,Prefecture-level city,Tier 2,HV,HV,HVHV
135,214,潍坊市,Weifang,Prefecture-level city,Tier 3,HV,HV,HVHV
136,94,济宁市,Jining,Prefecture-level city,Tier 3,HV,HV,HVHV
137,201,泰安市,Tai'an,Prefecture-level city,Tier 3,HV,HV,HVHV
138,213,威海市,Weihai,Prefecture-level city,Tier 3,HV,HV,HVHV
139,171,日照市,Rizhao,Prefecture-level city,Tier 4,HV,HV,HVHV
140,127,临沂市,Linyi,Prefecture-level city,Tier 3,HV,HV,HVHV
141,42,德州市,Dezhou,Prefecture-level city,Tier 4,HV,HV,HVHV
142,124,聊城市,Liaocheng,Prefecture-level city,Tier 4,HV,HV,HVHV
143,20,滨州市,Binzhou,Prefecture-level city,Tier 4,HV,HV,HVHV
144,275,郑州市,Zhengzhou,Provincial captial city,Tier 1,HV,HV,HVHV
145,111,开封市,Kaifeng,Prefecture-level city,Tier 4,NHV,HV,NHVHV
146,136,洛阳市,Luoyang,Prefecture-level city,Tier 3,HV,HV,HVHV
147,156,平顶山市,Pingdingshan,Prefecture-level city,Tier 4,HV,HV,HVHV
148,4,安阳市,Anyang,Prefecture-level city,Tier 4,HNV,HV,HNVHV
149,73,鹤壁市,Hebi,Prefecture-level city,Tier 5,HV,HV,HVHV
150,234,新乡市,Xinxiang,Prefecture-level city,Tier 3,HNV,HV,HNVHV
151,99,焦作市,Jiaozuo,Prefecture-level city,Tier 4,HNV,HV,HNVHV
152,160,濮阳市,Puyang,Prefecture-level city,Tier 5,HNV,HV,HNVHV
153,239,许昌市,Xuchang,Prefecture-level city,Tier 4,HV,HV,HVHV
154,137,漯河市,Luohe,Prefecture-level city,Tier 5,HNV,HV,HNVHV
155,172,三门峡市,Sanmenxia,Prefecture-level city,Tier 5,NHV,HV,NHVHV
156,150,南阳市,Nanyang,Prefecture-level city,Tier 3,HNV,HV,HNVHV
157,179,商丘市,Shangqiu,Prefecture-level city,Tier 3,HV,HV,HVHV
158,236,信阳市,Xinyang,Prefecture-level city,Tier 3,HV,HV,HVHV
159,280,周口市,Zhoukou,Prefecture-level city,Tier 4,NHV,HV,NHVHV
160,283,驻马店市,Zhumadian,Prefecture-level city,Tier 4,HV,HV,HVHV
161,224,武汉市,Wuhan,Sub-provincial city,Tier 1,HV,HV,HVHV
162,88,黄石市,Huangshi,Prefecture-level city,Tier 4,HNV,HV,HNVHV
163,186,十堰市,Shiyan,Prefecture-level city,Tier 4,HV,HV,HVHV
164,250,宜昌市,Yichang,Prefecture-level city,Tier 3,HNV,HV,HNVHV
165,231,襄阳市,Xiangyang,Prefecture-level city,Tier 3,HV,HV,HVHV
166,47,鄂州市,Ezhou,Prefecture-level city,Tier 5,HV,HV,HVHV
167,106,荆门市,Jingmen,Prefecture-level city,Tier 5,HV,HV,HVHV
168,232,孝感市,Xiaogan,Prefecture-level city,Tier 4,HNV,HV,HNVHV
169,107,荆州市,Jingzhou,Prefecture-level city,Tier 3,HNV,HV,HNVHV
170,86,黄冈市,Huanggang,Prefecture-level city,Tier 4,N_HV,HV,N_HVHV
171,228,咸宁市,Xianning,Prefecture-level city,Tier 4,HNV,HV,HNVHV
172,197,随州市,Suizhou,Prefecture-level city,Tier 5,HV,HV,HVHV
173,270,长沙市,Changsha,Provincial captial city,Tier 1,HNV,HV,HNVHV
174,281,株洲市,Zhuzhou,Prefecture-level city,Tier 3,HNV,HV,HNVHV
175,230,湘潭市,Xiangtan,Prefecture-level city,Tier 3,HNV,HV,HNVHV
176,77,衡阳市,Hengyang,Prefecture-level city,Tier 3,HNV,HV,HNVHV
177,183,邵阳市,Shaoyang,Prefecture-level city,Tier 4,HV,HV,HVHV
178,260,岳阳市,Yueyang,Prefecture-level city,Tier 3,HV,HV,HVHV
179,23,常德市,Changde,Prefecture-level city,Tier 4,HNV,HV,HNVHV
180,265,张家界市,Zhangjiajie,Prefecture-level city,Tier 5,N_HV,HV,N_HVHV
181,252,益阳市,Yiyang,Prefecture-level city,Tier 4,HNV,HV,HNVHV
182,27,郴州市,Chenzhou,Prefecture-level city,Tier 3,HV,HV,HVHV
183,256,永州市,Yongzhou,Prefecture-level city,Tier 4,HNV,HV,HNVHV
184,82,怀化市,Huaihua,Prefecture-level city,Tier 4,HNV,HV,HNVHV
185,133,娄底市,Loudi,Prefecture-level city,Tier 4,HNV,HV,HNVHV
186,59,广州市,Guangzhou,Sub-provincial city,Tier 1,HV,HNV,HVHNV
187,182,韶关市,Shaoguan,Prefecture-level city,Tier 4,NHV,HV,NHVHV
188,185,深圳市,Shenzhen,Sub-provincial city,Tier 1,HV,HNV,HVHNV
189,282,珠海市,Zhuhai,Prefecture-level city,Tier 2,HV,HV,HVHV
190,176,汕头市,Shantou,Prefecture-level city,Tier 3,HV,HV,HVHV
191,49,佛山市,Foshan,Prefecture-level city,Tier 2,HV,HV,HVHV
192,98,江门市,Jiangmen,Prefecture-level city,Tier 3,HV,HV,HVHV
193,264,湛江市,Zhanjiang,Prefecture-level city,Tier 3,HV,HV,HVHV
194,139,茂名市,Maoming,Prefecture-level city,Tier 4,HV,HV,HVHV
195,273,肇庆市,Zhaoqing,Prefecture-level city,Tier 3,NHV,HV,NHVHV
196,89,惠州市,Huizhou,Prefecture-level city,Tier 2,HV,HV,HVHV
197,141,梅州市,Meizhou,Prefecture-level city,Tier 3,NHV,HV,NHVHV
198,177,汕尾市,Shanwei,Prefecture-level city,Tier 4,NHV,HV,NHVHV
199,71,河源市,Heyuan,Prefecture-level city,Tier 4,HV,HV,HVHV
200,246,阳江市,Yangjiang,Prefecture-level city,Tier 4,NHV,HV,NHVHV
201,166,清远市,Qingyuan,Prefecture-level city,Tier 3,HNV,HV,HNVHV
202,44,东莞市,Dongguan,Prefecture-level city,Tier 1,HV,HV,HVHV
203,276,中山市,Zhongshan,Prefecture-level city,Tier 2,NHV,HV,NHVHV
204,26,潮州市,Chaozhou,Prefecture-level city,Tier 3,HV,HV,HVHV
205,100,揭阳市,Jieyang,Prefecture-level city,Tier 3,NHV,HV,NHVHV
206,261,云浮市,Yunfu,Prefecture-level city,Tier 5,N_HV,HV,N_HVHV
207,147,南宁市,Nanning,Provincial captial city,Tier 2,HNV,HV,HNVHV
208,128,柳州市,Liuzhou,Prefecture-level city,Tier 3,HNV,HV,HNVHV
209,62,桂林市,Guilin,Prefecture-level city,Tier 3,HV,HV,HVHV
210,223,梧州市,Wuzhou,Prefecture-level city,Tier 4,HV,HV,HVHV
211,17,北海市,Beihai,Prefecture-level city,Tier 4,HV,HV,HVHV
212,48,防城港市,Fangchenggang,Prefecture-level city,Tier 5,HV,HV,HVHV
213,163,钦州市,Qinzhou,Prefecture-level city,Tier 5,HV,HV,HVHV
214,60,贵港市,Guigang,Prefecture-level city,Tier 5,HV,HV,HVHV
215,258,玉林市,Yulin,Prefecture-level city,Tier 4,N_HV,HV,N_HVHV
216,11,百色市,Baise,Prefecture-level city,Tier 4,HV,HV,HVHV
217,72,贺州市,Hezhou,Prefecture-level city,Tier 5,NHV,HV,NHVHV
218,70,河池市,Hechi,Prefecture-level city,Tier 5,NHV,HV,NHVHV
219,115,来宾市,Laibin,Prefecture-level city,Tier 5,HV,HV,HVHV
220,33,崇左市,Chongzuo,Prefecture-level city,Tier 5,NHV,HV,NHVHV
221,65,海口市,Haikou,Provincial captial city,Tier 2,HNV,HV,HNVHV
222,174,三亚市,Sanya,Prefecture-level city,Tier 3,HNV,HV,HNVHV
223,40,儋州市,Danzhou,Prefecture-level city,Tier 5,N_HV,HV,N_HVHV
224,278,重庆市,Chongqing,Municipality,Tier 1,HV,HV,HVHV
225,29,成都市,Chengdu,Sub-provincial city,Tier 1,HV,HV,HVHV
226,286,自贡市,Zigong,Prefecture-level city,Tier 5,HV,HV,HVHV
227,154,攀枝花市,Panzhihua,Prefecture-level city,Tier 5,HV,HV,HVHV
228,134,泸州市,Luzhou,Prefecture-level city,Tier 4,NHV,HV,NHVHV
229,41,德阳市,Deyang,Prefecture-level city,Tier 4,N_HV,HV,N_HVHV
230,142,绵阳市,Mianyang,Prefecture-level city,Tier 3,HV,HV,HVHV
231,58,广元市,Guangyuan,Prefecture-level city,Tier 5,N_HV,HV,N_HVHV
232,198,遂宁市,Suining,Prefecture-level city,Tier 5,NHV,HV,NHVHV
233,151,内江市,Neijiang,Prefecture-level city,Tier 5,HV,HV,HVHV
234,118,乐山市,Leshan,Prefecture-level city,Tier 4,N_HV,HV,N_HVHV
235,145,南充市,Nanchong,Prefecture-level city,Tier 4,NHV,HV,NHVHV
236,140,眉山市,Meishan,Prefecture-level city,Tier 4,NHV,HV,NHVHV
237,249,宜宾市,Yibin,Prefecture-level city,Tier 4,HV,HV,HVHV
238,57,广安市,Guang'an,Prefecture-level city,Tier 5,NHV,HV,NHVHV
239,35,达州市,Dazhou,Prefecture-level city,Tier 5,NHV,HV,NHVHV
240,241,雅安市,Ya'an,Prefecture-level city,Tier 5,NHV,HV,NHVHV
241,7,巴中市,Bazhong,Prefecture-level city,Tier 5,HV,HV,HVHV
242,284,资阳市,Ziyang,Prefecture-level city,Tier 5,NHV,HV,NHVHV
243,61,贵阳市,Guiyang,Provincial captial city,Tier 2,HV,HV,HVHV
244,130,六盘水市,Liupanshui,Prefecture-level city,Tier 4,HV,HV,HVHV
245,287,遵义市,Zunyi,Prefecture-level city,Tier 3,HV,HV,HVHV
246,3,安顺市,Anshun,Prefecture-level city,Tier 4,HV,HV,HVHV
247,211,铜仁市,Tongren,Prefecture-level city,Tier 4,HV,HV,HVHV
248,113,昆明市,Kunming,Provincial captial city,Tier 1,HV,HV,HVHV
249,168,曲靖市,Qujing,Prefecture-level city,Tier 4,NHV,HV,NHVHV
250,259,玉溪市,Yuxi,Prefecture-level city,Tier 5,HV,HV,HVHV
251,16,保山市,Baoshan,Prefecture-level city,Tier 4,NHV,HV,NHVHV
252,272,昭通市,Zhaotong,Prefecture-level city,Tier 5,NHV,HV,NHVHV
253,119,丽江市,Lijiang,Prefecture-level city,Tier 4,N_HV,HV,N_HVHV
254,125,临沧市,Lincang,Prefecture-level city,Tier 5,HNV,HV,HNVHV
255,114,拉萨市,Lasa,Provincial captial city,Tier 4,NHV,HV,NHVHV
256,226,西安市,Xi'an,Sub-provincial city,Tier 1,HNV,HV,HNVHV
257,209,铜川市,Tongchuan,Prefecture-level city,Tier 5,HV,HV,HVHV
258,14,宝鸡市,Baoji,Prefecture-level city,Tier 4,HV,HV,HVHV
259,229,咸阳市,Xianyang,Prefecture-level city,Tier 3,HNV,HV,HNVHV
260,215,渭南市,Weinan,Prefecture-level city,Tier 4,HV,HV,HVHV
261,243,延安市,Yan'an,Prefecture-level city,Tier 5,HNV,HV,HNVHV
262,67,汉中市,Hanzhong,Prefecture-level city,Tier 5,HV,HV,HVHV
263,257,榆林市,Yulin,Prefecture-level city,Tier 4,NHV,HV,NHVHV
264,1,安康市,Ankang,Prefecture-level city,Tier 5,N_HV,HV,N_HVHV
265,178,商洛市,Shangluo,Prefecture-level city,Tier 5,NHV,HV,NHVHV
266,116,兰州市,Lanzhou,Provincial captial city,Tier 2,HV,HV,HVHV
267,97,嘉峪关市,Jiayuguan,Prefecture-level city,Tier 5,HNV,HV,HNVHV
268,101,金昌市,Jinchang,Prefecture-level city,Tier 5,NHV,HV,NHVHV
269,10,白银市,Baiyin,Prefecture-level city,Tier 5,N_HV,HV,N_HVHV
270,205,天水市,Tianshui,Prefecture-level city,Tier 5,HV,HV,HVHV
271,225,武威市,Wuwei,Prefecture-level city,Tier 5,HV,HV,HVHV
272,267,张掖市,Zhangye,Prefecture-level city,Tier 5,HNV,HV,HNVHV
273,157,平凉市,Pingliang,Prefecture-level city,Tier 5,NHV,HV,NHVHV
274,110,酒泉市,Jiuquan,Prefecture-level city,Tier 5,NHV,HV,NHVHV
275,167,庆阳市,Qingyang,Prefecture-level city,Tier 5,HV,HV,HVHV
276,43,定西市,Dingxi,Prefecture-level city,Tier 5,HV,HV,HVHV
277,132,陇南市,Longnan,Prefecture-level city,Tier 5,NHV,HV,NHVHV
278,227,西宁市,Xining,Provincial captial city,Tier 4,HV,HV,HVHV
279,64,海东市,Haidong,Prefecture-level city,Tier 5,NHV,HV,NHVHV
280,253,银川市,Yinchuan,Provincial captial city,Tier 3,HV,HV,HVHV
281,188,石嘴山市,Shizuishan,Prefecture-level city,Tier 5,N_HV,HV,N_HVHV
282,221,吴忠市,Wuzhong,Prefecture-level city,Tier 5,HV,HV,HVHV
283,56,固原市,Guyuan,Prefecture-level city,Tier 5,NHV,HV,NHVHV
284,277,中卫市,Zhongwei,Prefecture-level city,Tier 5,NHV,HV,NHVHV
285,219,乌鲁木齐市,Urumqi,Provincial captial city,Tier 3,HV,HV,HVHV
286,112,克拉玛依市,Karamay,Prefecture-level city,Tier 5,NHV,HV,NHVHV
287,212,吐鲁番市,Turpan,Prefecture-level city,Tier 5,N_HV,HV,N_HVHV