fid,CityID ,City,CityName,Year,P_Horizontal (%),P_Vertical (%)
1,18,北京市,Beijing,2015,43.41406748,11.13714135
2,204,天津市,Tianjin,2015,34.91832593,8.857130693
3,187,石家庄市,Shijiazhuang,2015,31.88677607,7.569679604
4,203,唐山市,Tangshan,2015,32.72742609,3.854750959
5,164,秦皇岛市,Qinhuangdao,2015,37.14145423,3.727648431
6,66,邯郸市,Handan,2015,26.35934463,7.203554568
7,237,邢台市,Xingtai,2015,28.433252,5.359010108
8,15,保定市,Baoding,2015,34.17775412,5.023948909
9,266,张家口市,Zhangjiakou,2015,40.43900033,2.630713581
10,30,承德市,Chengde,2015,36.4698647,5.81795818
11,22,沧州市,Cangzhou,2015,26.39505696,2.973547017
12,117,廊坊市,Langfang,2015,28.56509532,5.061327028
13,76,衡水市,Hengshui,2015,23.25672499,5.889266127
14,200,太原市,Taiyuan,2015,31.73983463,7.327593556
15,38,大同市,Datong,2015,33.40014848,4.127691166
16,247,阳泉市,Yangquan,2015,37.78030734,2.959590211
17,271,长治市,Changzhi,2015,29.2693662,3.60915493
18,104,晋城市,Jincheng,2015,30.51213834,5.886265381
19,190,朔州市,Shuozhou,2015,29.58120144,1.743414819
20,105,晋中市,Jinzhong,2015,27.94065701,5.993170847
21,262,运城市,Yuncheng,2015,29.75672817,5.735104008
22,233,忻州市,Xinzhou,2015,25.42208422,3.299049098
23,126,临汾市,Linfen,2015,36.50049581,3.732083296
24,135,吕梁市,Lvliang,2015,32.6848249,5.081254292
25,78,呼和浩特市,Hohhot,2015,37.12892716,4.392499943
26,13,包头市,Baotou,2015,26.23945628,3.091813824
27,217,乌海市,Wuhai,2015,18.00524934,1.417322835
28,32,赤峰市,Chifeng,2015,25.25504244,2.196090647
29,208,通辽市,Tongliao,2015,28.3990759,4.380936083
30,46,鄂尔多斯市,Erdos,2015,32.51591606,3.14784249
31,79,呼伦贝尔市,Hulunbuir,2015,33.79837236,2.358412224
32,6,巴彦淖尔市,Bayannur,2015,26.30525741,1.073312716
33,218,乌兰察布市,Ulanqab,2015,26.25163256,1.06660862
34,28,沈阳市,Shenyang,2015,32.39212034,5.671972455
35,36,大连市,Dalian,2015,33.63975188,7.468622829
36,5,鞍山市,Anshan,2015,35.29172431,3.93034421
37,51,抚顺市,Fushun,2015,37.14762893,3.952629182
38,19,本溪市,Benxi,2015,43.38637291,3.182374541
39,39,丹东市,Dandong,2015,43.76840039,2.551521099
40,103,锦州市,Jinzhou,2015,34.80993349,1.732869608
41,255,营口市,Yingkou,2015,29.27347903,1.134081512
42,53,阜新市,Fuxin,2015,34.94334278,1.345609065
43,122,辽阳市,Liaoyang,2015,31.3767041,2.161474889
44,155,盘锦市,Panjin,2015,34.30985148,2.357269383
45,206,铁岭市,Tieling,2015,34.31875205,1.570851969
46,25,朝阳市,Chaoyang,2015,38.15881124,2.205711632
47,81,葫芦岛市,Huludao,2015,33.72504278,2.738163149
48,269,长春市,Changchun,2015,31.51551242,4.703150122
49,92,吉林市,Jilin,2015,34.33676755,2.122236531
50,191,四平市,Siping,2015,33.67914042,3.556872916
51,123,辽源市,Liaoyuan,2015,38.36124656,2.681789273
52,207,通化市,Tonghua,2015,40.38880249,3.530326594
53,9,白山市,Baishan,2015,35.74244415,1.107565234
54,192,松原市,Songyuan,2015,30.21717244,3.573996836
55,8,白城市,Baicheng,2015,37.23679766,3.242878054
56,63,哈尔滨市,Harbin,2015,40.65804051,4.541103331
57,162,齐齐哈尔市,Qiqihar,2015,29.45061924,3.175611305
58,90,鸡西市,Jixi,2015,37.24898082,1.76657104
59,74,鹤岗市,Hegang,2015,37.63387708,3.097709672
60,189,双鸭山市,Shuangyashan,2015,34.64939338,3.125642607
61,37,大庆市,Daqing,2015,31.67098446,4.514248705
62,248,伊春市,Yichun,2015,39.3365984,0.868210151
63,95,佳木斯市,Jiamusi,2015,37.31840915,3.131698023
64,161,七台河市,Qitaihe,2015,38.93186923,4.816571001
65,143,牡丹江市,Mudanjiang,2015,37.56184445,5.353255492
66,75,黑河市,Heihe,2015,42.51728345,2.440016267
67,196,绥化市,Suihua,2015,37.30882353,1.838235294
68,180,上海市,Shanghai,2015,28.18999282,11.22733349
69,146,南京市,Nanjing,2015,33.03248332,9.547099401
70,220,无锡市,Wuxi,2015,35.45621486,6.512848822
71,238,徐州市,Xuzhou,2015,36.14115928,6.914669439
72,24,常州市,Changzhou,2015,29.70686099,4.564958822
73,193,苏州市,Suzhou,2015,36.5690006,6.951575685
74,149,南通市,Nantong,2015,31.66868913,6.017611002
75,121,连云港市,Lianyungang,2015,33.4325624,4.01496069
76,83,淮安市,Huai'an,2015,33.53638814,2.760107817
77,244,盐城市,Yancheng,2015,35.84483689,3.42022056
78,245,扬州市,Yangzhou,2015,35.54431614,4.021815301
79,274,镇江市,Zhenjiang,2015,32.01478166,5.340134284
80,202,泰州市,Taizhou,2015,26.46846847,3.417417417
81,194,宿迁市,Suqian,2015,22.94441662,3.375062594
82,68,杭州市,Hangzhou,2015,32.56089276,8.086073872
83,152,宁波市,Ningbo,2015,32.13514846,6.512687163
84,216,温州市,Wenzhou,2015,32.80252053,4.158588047
85,96,嘉兴市,Jiaxing,2015,29.16085866,6.088653471
86,80,湖州市,Huzhou,2015,30.06432459,5.769421079
87,184,绍兴市,Shaoxing,2015,31.89950935,5.050355997
88,102,金华市,Jinhua,2015,28.47091016,5.114339696
89,169,衢州市,Quzhou,2015,27.97117805,2.665161906
90,279,舟山市,Zhoushan,2015,38.7994698,4.014391214
91,199,台州市,Taizhou,2015,33.26214386,4.875721361
92,120,丽水市,Lishui,2015,31.53444676,3.997912317
93,69,合肥市,Hefei,2015,28.03912436,8.273818765
94,222,芜湖市,Wuhu,2015,31.45713654,7.285682722
95,12,蚌埠市,Bengbu,2015,35.82099828,4.888123924
96,85,淮南市,Huainan,2015,37.3100304,2.541371158
97,138,马鞍山市,Maanshan,2015,31.12386917,4.47112039
98,84,淮北市,Huaibei,2015,30.73680513,3.284447177
99,210,铜陵市,Tongling,2015,31.78343949,7.312101911
100,2,安庆市,Anqing,2015,34.31265509,3.543424318
101,87,黄山市,Huangshan,2015,38.48393672,1.912064447
102,34,滁州市,Chuzhou,2015,29.84964778,5.477867732
103,54,阜阳市,Fuyang,2015,28.93754665,4.428962428
104,195,宿州市,Suzhou,2015,28.40215001,6.938675788
105,129,六安市,Lu'an,2015,27.05336427,3.944315545
106,21,亳州市,Bozhou,2015,27.12607674,5.826155051
107,31,池州市,Chizhou,2015,31.90045249,5.92760181
108,240,宣城市,Xuancheng,2015,26.96192696,3.826728827
109,50,福州市,Fuzhou,2015,33.39949532,10.1335549
110,175,厦门市,Xiamen,2015,36.89377436,8.611843614
111,159,莆田市,Putian,2015,37.40722415,4.176150421
112,173,三明市,Sanming,2015,38.70967742,5.781773312
113,170,泉州市,Quanzhou,2015,32.01353365,4.597816893
114,268,漳州市,Zhangzhou,2015,32.11347689,3.345027825
115,148,南平市,Nanping,2015,44.83775811,4.019174041
116,131,龙岩市,Longyan,2015,33.99501513,4.352857397
117,153,宁德市,Ningde,2015,41.79153631,7.327515231
118,144,南昌市,Nanchang,2015,31.03608978,6.587875624
119,108,景德镇市,Jingdezhen,2015,38.79598662,4.321070234
120,158,萍乡市,Pingxiang,2015,29.23943662,3.76056338
121,109,九江市,Jiujiang,2015,40.57107955,4.756451367
122,235,新余市,Xinyu,2015,26.31658367,5.356873397
123,254,鹰潭市,Yingtan,2015,36.88917976,1.19982548
124,55,赣州市,Ganzhou,2015,26.27955015,2.440517175
125,91,吉安市,Ji'an,2015,28.41469232,2.544124662
126,251,宜春市,Yichun,2015,30.59000376,4.735062007
127,52,抚州市,Fuzhou,2015,31.74901693,7.454265686
128,181,上饶市,Shangrao,2015,34.51411509,4.166666667
129,93,济南市,Ji'nan,2015,32.9603791,7.132001867
130,165,青岛市,Qingdao,2015,32.04539178,5.577314152
131,285,淄博市,Zibo,2015,31.89747056,4.17760678
132,263,枣庄市,Zaozhuang,2015,26.47026492,1.429042541
133,45,东营市,Dongying,2015,29.56295084,3.497605625
134,242,烟台市,Yantai,2015,31.25359499,5.048215192
135,214,潍坊市,Weifang,2015,25.6408499,4.623029472
136,94,济宁市,Jining,2015,28.9097945,3.776354417
137,201,泰安市,Tai'an,2015,30.20123759,3.905153138
138,213,威海市,Weihai,2015,34.21765222,3.007903981
139,171,日照市,Rizhao,2015,20.38066235,2.809288161
140,127,临沂市,Linyi,2015,24.84945165,3.653040877
141,42,德州市,Dezhou,2015,30.07123776,3.303650935
142,124,聊城市,Liaocheng,2015,26.47253475,2.953342158
143,20,滨州市,Binzhou,2015,22.00956938,2.31984921
144,275,郑州市,Zhengzhou,2015,28.06130054,7.835848705
145,111,开封市,Kaifeng,2015,36.47185179,3.052000358
146,136,洛阳市,Luoyang,2015,28.61418265,6.877106764
147,156,平顶山市,Pingdingshan,2015,35.24997113,4.59531232
148,4,安阳市,Anyang,2015,27.09041468,4.359279402
149,73,鹤壁市,Hebi,2015,18.39005236,3.686736475
150,234,新乡市,Xinxiang,2015,29.57198444,4.791219002
151,99,焦作市,Jiaozuo,2015,25.59245661,3.579773031
152,160,濮阳市,Puyang,2015,20.01392879,4.613911378
153,239,许昌市,Xuchang,2015,24.78873239,3.588941054
154,137,漯河市,Luohe,2015,21.09129066,3.509385566
155,172,三门峡市,Sanmenxia,2015,34.47459087,3.143841516
156,150,南阳市,Nanyang,2015,30.68136111,5.341484997
157,179,商丘市,Shangqiu,2015,20.81167754,2.421762689
158,236,信阳市,Xinyang,2015,37.2090174,3.994119088
159,280,周口市,Zhoukou,2015,29.16120577,2.970729576
160,283,驻马店市,Zhumadian,2015,25.58232932,4.949799197
161,224,武汉市,Wuhan,2015,36.7297729,9.134916152
162,88,黄石市,Huangshi,2015,34.58508687,4.499838135
163,186,十堰市,Shiyan,2015,41.07593996,6.732055283
164,250,宜昌市,Yichang,2015,36.21984974,10.62079873
165,231,襄阳市,Xiangyang,2015,31.71439197,5.094830792
166,47,鄂州市,Ezhou,2015,26.10328638,2.384976526
167,106,荆门市,Jingmen,2015,28.56657031,3.485801734
168,232,孝感市,Xiaogan,2015,26.14812419,3.994178525
169,107,荆州市,Jingzhou,2015,30.1658748,4.376094024
170,86,黄冈市,Huanggang,2015,34.07771326,7.101384547
171,228,咸宁市,Xianning,2015,34.39290335,4.34300499
172,197,随州市,Suizhou,2015,25.06614923,2.910566237
173,270,长沙市,Changsha,2015,31.61277984,12.5088985
174,281,株洲市,Zhuzhou,2015,39.47842326,10.3715067
175,230,湘潭市,Xiangtan,2015,35.72106608,4.826579043
176,77,衡阳市,Hengyang,2015,34.77810651,5.406804734
177,183,邵阳市,Shaoyang,2015,30.41609354,3.610729023
178,260,岳阳市,Yueyang,2015,32.5648415,6.150679292
179,23,常德市,Changde,2015,28.15445676,11.89019348
180,265,张家界市,Zhangjiajie,2015,42.85714286,8.023774146
181,252,益阳市,Yiyang,2015,26.63208502,6.237348178
182,27,郴州市,Chenzhou,2015,34.07960199,4.029850746
183,256,永州市,Yongzhou,2015,31.82761005,5.899976953
184,82,怀化市,Huaihua,2015,31.63730442,7.145497105
185,133,娄底市,Loudi,2015,30.571623,8.727458319
186,59,广州市,Guangzhou,2015,36.98961346,8.881814224
187,182,韶关市,Shaoguan,2015,37.43036837,3.620844564
188,185,深圳市,Shenzhen,2015,41.22015318,9.56866275
189,282,珠海市,Zhuhai,2015,35.1570065,6.57767326
190,176,汕头市,Shantou,2015,27.83803567,2.897923875
191,49,佛山市,Foshan,2015,33.15741541,3.596198305
192,98,江门市,Jiangmen,2015,31.14142068,3.793120613
193,264,湛江市,Zhanjiang,2015,31.46980756,4.653284672
194,139,茂名市,Maoming,2015,24.46909667,3.433703117
195,273,肇庆市,Zhaoqing,2015,32.04633205,2.141102141
196,89,惠州市,Huizhou,2015,30.08273326,5.189980083
197,141,梅州市,Meizhou,2015,32.87715605,1.238966718
198,177,汕尾市,Shanwei,2015,33.49740933,1.761658031
199,71,河源市,Heyuan,2015,29.05012069,3.194661366
200,246,阳江市,Yangjiang,2015,31.37005323,2.429993057
201,166,清远市,Qingyuan,2015,34.37474837,4.283758757
202,44,东莞市,Dongguan,2015,35.157814,2.980136755
203,276,中山市,Zhongshan,2015,32.09210911,3.256221614
204,26,潮州市,Chaozhou,2015,26.98275031,1.445504481
205,100,揭阳市,Jieyang,2015,32.56606991,1.184995737
206,261,云浮市,Yunfu,2015,29.9382716,3.300094967
207,147,南宁市,Nanning,2015,34.94337109,9.116729198
208,128,柳州市,Liuzhou,2015,34.67336683,6.66375355
209,62,桂林市,Guilin,2015,35.83624854,3.548225887
210,223,梧州市,Wuzhou,2015,31.73295952,4.047660767
211,17,北海市,Beihai,2015,27.9873946,4.233029555
212,48,防城港市,Fangchenggang,2015,22.63531985,2.733734281
213,163,钦州市,Qinzhou,2015,22.67677658,3.597249162
214,60,贵港市,Guigang,2015,26.94532562,4.2358649
215,258,玉林市,Yulin,2015,29.25589444,5.883625352
216,11,百色市,Baise,2015,29.36531149,3.158818368
217,72,贺州市,Hezhou,2015,29.47347186,2.763768408
218,70,河池市,Hechi,2015,31.87633262,1.492537313
219,115,来宾市,Laibin,2015,24.85833949,3.32594235
220,33,崇左市,Chongzuo,2015,30.96380288,1.439162669
221,65,海口市,Haikou,2015,31.0815433,9.395950198
222,174,三亚市,Sanya,2015,35.32056861,10.87902524
223,40,儋州市,Danzhou,2015,25.98366741,3.118040089
224,278,重庆市,Chongqing,2015,32.7974746,5.885870434
225,29,成都市,Chengdu,2015,29.69264369,6.814675085
226,286,自贡市,Zigong,2015,35.20483348,4.450338933
227,154,攀枝花市,Panzhihua,2015,45.26182965,4.555205047
228,134,泸州市,Luzhou,2015,34.12993875,4.671550378
229,41,德阳市,Deyang,2015,30.4513911,4.138282295
230,142,绵阳市,Mianyang,2015,36.72875672,4.250676795
231,58,广元市,Guangyuan,2015,31.64653528,6.726001271
232,198,遂宁市,Suining,2015,40.62127829,3.205637158
233,151,内江市,Neijiang,2015,27.38573341,3.36584433
234,118,乐山市,Leshan,2015,34.72391393,5.105562322
235,145,南充市,Nanchong,2015,36.27122924,1.862491319
236,140,眉山市,Meishan,2015,34.37209782,2.218553297
237,249,宜宾市,Yibin,2015,35.31112653,3.238491788
238,57,广安市,Guang'an,2015,31.74200817,1.84481059
239,35,达州市,Dazhou,2015,34.17851052,3.968163729
240,241,雅安市,Ya'an,2015,44.22848076,1.943673146
241,7,巴中市,Bazhong,2015,33.28984562,5.370732768
242,284,资阳市,Ziyang,2015,34.06783857,2.203515722
243,61,贵阳市,Guiyang,2015,32.00738615,9.076953881
244,130,六盘水市,Liupanshui,2015,32.74813141,2.311837302
245,287,遵义市,Zunyi,2015,38.50606909,5.801431684
246,3,安顺市,Anshun,2015,33.31809872,2.239488117
247,211,铜仁市,Tongren,2015,35.23316062,4.425734024
248,113,昆明市,Kunming,2015,34.46374584,5.632590315
249,168,曲靖市,Qujing,2015,32.07895953,2.112629564
250,259,玉溪市,Yuxi,2015,35.92081584,1.99160168
251,16,保山市,Baoshan,2015,36.21300099,1.104659397
252,272,昭通市,Zhaotong,2015,39.23519353,3.062334836
253,119,丽江市,Lijiang,2015,48.4,3.264
254,125,临沧市,Lincang,2015,33.85074627,5.701492537
255,114,拉萨市,Lasa,2015,38.3241174,1.509995746
256,226,西安市,Xi'an,2015,31.95920102,11.46125514
257,209,铜川市,Tongchuan,2015,31.94774347,1.781472684
258,14,宝鸡市,Baoji,2015,33.52148009,6.28201108
259,229,咸阳市,Xianyang,2015,33.83560408,8.301001534
260,215,渭南市,Weinan,2015,22.02261112,3.82530587
261,243,延安市,Yan'an,2015,24.05063291,8.617332035
262,67,汉中市,Hanzhong,2015,28.06313166,3.142738474
263,257,榆林市,Yulin,2015,30.64169481,3.254528707
264,1,安康市,Ankang,2015,37.21035893,4.770558837
265,178,商洛市,Shangluo,2015,35.47120419,3.359511344
266,116,兰州市,Lanzhou,2015,33.32476545,8.171186223
267,97,嘉峪关市,Jiayuguan,2015,26.90661479,3.093385214
268,101,金昌市,Jinchang,2015,25.2151463,1.656626506
269,10,白银市,Baiyin,2015,24.49690402,5.417956656
270,205,天水市,Tianshui,2015,33.43508344,3.215303215
271,225,武威市,Wuwei,2015,27.29146626,1.497870001
272,267,张掖市,Zhangye,2015,31.99274765,4.977748475
273,157,平凉市,Pingliang,2015,25.28485255,1.977211796
274,110,酒泉市,Jiuquan,2015,30.8675306,2.195824334
275,167,庆阳市,Qingyang,2015,21.57484476,2.179944511
276,43,定西市,Dingxi,2015,21.39953542,1.538908246
277,132,陇南市,Longnan,2015,43.9888164,2.050326188
278,227,西宁市,Xining,2015,37.02782476,3.167180712
279,64,海东市,Haidong,2015,43.86216798,1.005025126
280,253,银川市,Yinchuan,2015,28.71175688,4.311197517
281,188,石嘴山市,Shizuishan,2015,23.74100719,4.396482814
282,221,吴忠市,Wuzhong,2015,22.99226139,2.269991402
283,56,固原市,Guyuan,2015,19.97923157,1.827622015
284,277,中卫市,Zhongwei,2015,26.97947214,3.625699813
285,219,乌鲁木齐市,Urumqi,2015,36.3819178,6.537664416
286,112,克拉玛依市,Karamay,2015,42.31794872,1.948717949
287,212,吐鲁番市,Turpan,2015,17.88574479,5.766150561
288,18,北京市,Beijing,2019,54.99342998,15.26198492
289,204,天津市,Tianjin,2019,44.2272447,8.30187245
290,187,石家庄市,Shijiazhuang,2019,41.20617416,8.109176988
291,203,唐山市,Tangshan,2019,36.47782702,6.001530271
292,164,秦皇岛市,Qinhuangdao,2019,40.66375998,5.885046487
293,66,邯郸市,Handan,2019,33.28423692,5.28517706
294,237,邢台市,Xingtai,2019,31.83602169,4.349009733
295,15,保定市,Baoding,2019,35.83089931,5.103766334
296,266,张家口市,Zhangjiakou,2019,42.01470727,5.482228717
297,30,承德市,Chengde,2019,37.36028413,9.385772485
298,22,沧州市,Cangzhou,2019,37.98901853,6.818805765
299,117,廊坊市,Langfang,2019,38.34748574,6.133076821
300,76,衡水市,Hengshui,2019,24.70741222,6.407672302
301,200,太原市,Taiyuan,2019,39.7353562,8.982822022
302,38,大同市,Datong,2019,32.81405535,4.56898268
303,247,阳泉市,Yangquan,2019,37.08774492,4.794937325
304,271,长治市,Changzhi,2019,33.28146,3.819763741
305,104,晋城市,Jincheng,2019,32.03489067,6.625642251
306,190,朔州市,Shuozhou,2019,27.84987958,2.05378646
307,105,晋中市,Jinzhong,2019,34.44285031,4.901960784
308,262,运城市,Yuncheng,2019,36.27457362,4.550188778
309,233,忻州市,Xinzhou,2019,29.00408163,3.518367347
310,126,临汾市,Linfen,2019,36.4922105,3.388613684
311,135,吕梁市,Lvliang,2019,30.12398698,4.675486597
312,78,呼和浩特市,Hohhot,2019,40.33114401,6.794516786
313,13,包头市,Baotou,2019,27.17784409,4.258742317
314,217,乌海市,Wuhai,2019,16.65238993,3.109474045
315,32,赤峰市,Chifeng,2019,35.09710496,4.739613809
316,208,通辽市,Tongliao,2019,29.98760843,4.016579071
317,46,鄂尔多斯市,Erdos,2019,31.25368494,6.083507531
318,79,呼伦贝尔市,Hulunbuir,2019,36.57994924,4.936548223
319,6,巴彦淖尔市,Bayannur,2019,22.50438732,3.592443481
320,218,乌兰察布市,Ulanqab,2019,23.06226175,2.837780601
321,28,沈阳市,Shenyang,2019,35.85442657,6.157322741
322,36,大连市,Dalian,2019,40.20641851,8.321610531
323,5,鞍山市,Anshan,2019,35.89311805,5.314380525
324,51,抚顺市,Fushun,2019,35.4021121,3.346872461
325,19,本溪市,Benxi,2019,41.16567488,4.949669095
326,39,丹东市,Dandong,2019,38.65209909,3.998079001
327,103,锦州市,Jinzhou,2019,34.50461578,3.491093486
328,255,营口市,Yingkou,2019,28.6206177,2.60851419
329,53,阜新市,Fuxin,2019,30.86728406,2.524736787
330,122,辽阳市,Liaoyang,2019,29.28064131,1.726320231
331,155,盘锦市,Panjin,2019,35.51926677,2.972310076
332,206,铁岭市,Tieling,2019,31.90414419,2.785553356
333,25,朝阳市,Chaoyang,2019,34.11810869,5.081420443
334,81,葫芦岛市,Huludao,2019,31.00654253,3.32662305
335,269,长春市,Changchun,2019,37.8418048,7.07781095
336,92,吉林市,Jilin,2019,38.15940613,4.520907267
337,191,四平市,Siping,2019,31.9242126,3.789370079
338,123,辽源市,Liaoyuan,2019,35.16412324,5.506766484
339,207,通化市,Tonghua,2019,41.68191323,2.803188709
340,9,白山市,Baishan,2019,37.36503126,3.343436257
341,192,松原市,Songyuan,2019,33.87455603,3.97330315
342,8,白城市,Baicheng,2019,37.76520509,8.215464404
343,63,哈尔滨市,Harbin,2019,47.73406646,7.659117191
344,162,齐齐哈尔市,Qiqihar,2019,41.06074316,3.917218833
345,90,鸡西市,Jixi,2019,39.06914894,3.011968085
346,74,鹤岗市,Hegang,2019,36.72356907,4.160091809
347,189,双鸭山市,Shuangyashan,2019,35.82066398,4.452373565
348,37,大庆市,Daqing,2019,39.35901968,5.328148934
349,248,伊春市,Yichun,2019,40.43764653,2.891593167
350,95,佳木斯市,Jiamusi,2019,40.796216,4.686996094
351,161,七台河市,Qitaihe,2019,41.13192507,5.251096054
352,143,牡丹江市,Mudanjiang,2019,38.65146223,4.352441614
353,75,黑河市,Heihe,2019,40.05439005,3.017353017
354,196,绥化市,Suihua,2019,39.03554228,3.395720295
355,180,上海市,Shanghai,2019,40.44531612,15.51149177
356,146,南京市,Nanjing,2019,43.70143338,12.58745449
357,220,无锡市,Wuxi,2019,38.96641218,6.842038955
358,238,徐州市,Xuzhou,2019,39.38940437,7.695404019
359,24,常州市,Changzhou,2019,32.07629017,6.197509618
360,193,苏州市,Suzhou,2019,41.73413658,7.447611237
361,149,南通市,Nantong,2019,35.306415,7.454306534
362,121,连云港市,Lianyungang,2019,34.77330113,5.859589417
363,83,淮安市,Huai'an,2019,32.93628462,3.503095104
364,244,盐城市,Yancheng,2019,39.09183371,6.933084714
365,245,扬州市,Yangzhou,2019,37.5903199,5.611197317
366,274,镇江市,Zhenjiang,2019,33.66578848,5.871283402
367,202,泰州市,Taizhou,2019,25.05962353,4.3421701
368,194,宿迁市,Suqian,2019,26.72981878,4.004562159
369,68,杭州市,Hangzhou,2019,43.48345509,13.62320619
370,152,宁波市,Ningbo,2019,37.12433263,9.126304444
371,216,温州市,Wenzhou,2019,35.84615834,5.007701266
372,96,嘉兴市,Jiaxing,2019,31.82966604,10.33579861
373,80,湖州市,Huzhou,2019,32.566536,10.63028678
374,184,绍兴市,Shaoxing,2019,35.28816583,8.489875255
375,102,金华市,Jinhua,2019,31.22709243,7.518702616
376,169,衢州市,Quzhou,2019,31.81537448,5.743813563
377,279,舟山市,Zhoushan,2019,39.03968643,6.22243998
378,199,台州市,Taizhou,2019,31.48044972,5.818654552
379,120,丽水市,Lishui,2019,36.83034289,5.43388034
380,69,合肥市,Hefei,2019,39.46336439,11.68994387
381,222,芜湖市,Wuhu,2019,39.59462171,9.038229982
382,12,蚌埠市,Bengbu,2019,34.98505803,5.860958603
383,85,淮南市,Huainan,2019,37.07220026,3.455136115
384,138,马鞍山市,Maanshan,2019,32.75519661,4.541241891
385,84,淮北市,Huaibei,2019,28.1751245,3.321010663
386,210,铜陵市,Tongling,2019,34.55046004,7.983771644
387,2,安庆市,Anqing,2019,37.39530494,5.646651724
388,87,黄山市,Huangshan,2019,36.07882769,3.789792825
389,34,滁州市,Chuzhou,2019,34.49146758,4.696245734
390,54,阜阳市,Fuyang,2019,36.41464138,4.930812181
391,195,宿州市,Suzhou,2019,30.02877652,4.054011321
392,129,六安市,Lu'an,2019,32.17225457,4.604162484
393,21,亳州市,Bozhou,2019,28.48757186,2.837826897
394,31,池州市,Chizhou,2019,32.58116664,6.297992725
395,240,宣城市,Xuancheng,2019,30.75881778,4.354365646
396,50,福州市,Fuzhou,2019,40.72230335,10.93632462
397,175,厦门市,Xiamen,2019,44.11683302,13.23842308
398,159,莆田市,Putian,2019,33.15173293,5.39005448
399,173,三明市,Sanming,2019,42.46206559,9.055310817
400,170,泉州市,Quanzhou,2019,35.22917286,5.588473482
401,268,漳州市,Zhangzhou,2019,32.37790852,3.896341836
402,148,南平市,Nanping,2019,43.71656294,8.767332678
403,131,龙岩市,Longyan,2019,38.27170582,6.439223698
404,153,宁德市,Ningde,2019,39.81815658,7.953914492
405,144,南昌市,Nanchang,2019,38.24548553,6.656196298
406,108,景德镇市,Jingdezhen,2019,38.93011498,3.392318356
407,158,萍乡市,Pingxiang,2019,31.24901227,4.20376126
408,109,九江市,Jiujiang,2019,39.12464258,5.825968287
409,235,新余市,Xinyu,2019,27.76968895,4.738583719
410,254,鹰潭市,Yingtan,2019,34.39011837,3.890890376
411,55,赣州市,Ganzhou,2019,29.5455069,5.079357766
412,91,吉安市,Ji'an,2019,27.76786553,4.239834726
413,251,宜春市,Yichun,2019,29.81800187,4.673668005
414,52,抚州市,Fuzhou,2019,28.26957603,1.864383372
415,181,上饶市,Shangrao,2019,32.16551221,5.468465184
416,93,济南市,Ji'nan,2019,43.28195678,9.313222483
417,165,青岛市,Qingdao,2019,37.21263551,6.513405603
418,285,淄博市,Zibo,2019,34.64779523,4.962190325
419,263,枣庄市,Zaozhuang,2019,28.288694,1.931737379
420,45,东营市,Dongying,2019,33.7982172,4.746098455
421,242,烟台市,Yantai,2019,38.40894894,6.505795526
422,214,潍坊市,Weifang,2019,30.21817721,5.726094586
423,94,济宁市,Jining,2019,35.54876315,5.634537011
424,201,泰安市,Tai'an,2019,30.92143236,4.552905594
425,213,威海市,Weihai,2019,40.0262531,7.68632408
426,171,日照市,Rizhao,2019,25.9403224,3.96135818
427,127,临沂市,Linyi,2019,29.32199736,3.681067857
428,42,德州市,Dezhou,2019,32.0394891,4.320951488
429,124,聊城市,Liaocheng,2019,34.3768132,4.246677534
430,20,滨州市,Binzhou,2019,28.87768891,2.603995471
431,275,郑州市,Zhengzhou,2019,39.30457557,11.25538492
432,111,开封市,Kaifeng,2019,36.41085573,3.172748128
433,136,洛阳市,Luoyang,2019,33.42387069,7.070819512
434,156,平顶山市,Pingdingshan,2019,37.87685232,4.899080225
435,4,安阳市,Anyang,2019,34.43608735,2.632483201
436,73,鹤壁市,Hebi,2019,25.89482267,4.239706482
437,234,新乡市,Xinxiang,2019,30.41200574,4.389771607
438,99,焦作市,Jiaozuo,2019,31.78428862,2.977580277
439,160,濮阳市,Puyang,2019,25.61701383,3.21780734
440,239,许昌市,Xuchang,2019,26.93418504,5.715062349
441,137,漯河市,Luohe,2019,26.5625,2.741448692
442,172,三门峡市,Sanmenxia,2019,31.75225075,4.90996999
443,150,南阳市,Nanyang,2019,35.10605468,5.167979921
444,179,商丘市,Shangqiu,2019,25.25982163,2.626471094
445,236,信阳市,Xinyang,2019,39.33914815,5.465715923
446,280,周口市,Zhoukou,2019,26.60584346,3.745429025
447,283,驻马店市,Zhumadian,2019,30.61800619,5.265127036
448,224,武汉市,Wuhan,2019,47.68482822,10.71732702
449,88,黄石市,Huangshi,2019,37.83129614,4.24785187
450,186,十堰市,Shiyan,2019,42.28160096,8.249792719
451,250,宜昌市,Yichang,2019,43.96185899,8.062784396
452,231,襄阳市,Xiangyang,2019,34.19948424,5.933388697
453,47,鄂州市,Ezhou,2019,30.94383883,3.015040706
454,106,荆门市,Jingmen,2019,29.93857254,5.133580343
455,232,孝感市,Xiaogan,2019,30.39094012,3.702554556
456,107,荆州市,Jingzhou,2019,32.27560941,4.365224743
457,86,黄冈市,Huanggang,2019,32.88077018,5.406072575
458,228,咸宁市,Xianning,2019,34.87630169,3.960753627
459,197,随州市,Suizhou,2019,30.42810392,3.573098244
460,270,长沙市,Changsha,2019,42.87121473,11.19601744
461,281,株洲市,Zhuzhou,2019,40.78249754,8.204279218
462,230,湘潭市,Xiangtan,2019,37.12714417,4.687704596
463,77,衡阳市,Hengyang,2019,36.63702123,4.461045891
464,183,邵阳市,Shaoyang,2019,33.52003078,4.416606097
465,260,岳阳市,Yueyang,2019,37.05797732,6.607340002
466,23,常德市,Changde,2019,29.6354629,5.78448498
467,265,张家界市,Zhangjiajie,2019,42.1894631,7.345673842
468,252,益阳市,Yiyang,2019,34.31156533,4.472364165
469,27,郴州市,Chenzhou,2019,36.94904658,6.177711785
470,256,永州市,Yongzhou,2019,32.64638138,5.534004122
471,82,怀化市,Huaihua,2019,33.94911119,5.463576159
472,133,娄底市,Loudi,2019,33.88181774,7.559405701
473,59,广州市,Guangzhou,2019,48.31148923,9.488426439
474,182,韶关市,Shaoguan,2019,35.62581365,4.58992003
475,185,深圳市,Shenzhen,2019,56.14776948,13.00278045
476,282,珠海市,Zhuhai,2019,39.15883155,11.01880428
477,176,汕头市,Shantou,2019,32.32776033,4.308109306
478,49,佛山市,Foshan,2019,36.35547336,5.036050941
479,98,江门市,Jiangmen,2019,33.36400525,4.244792059
480,264,湛江市,Zhanjiang,2019,32,5.2271035
481,139,茂名市,Maoming,2019,25.85701599,4.342806394
482,273,肇庆市,Zhaoqing,2019,29.84997413,3.362648733
483,89,惠州市,Huizhou,2019,35.08948938,6.73948646
484,141,梅州市,Meizhou,2019,30.18512326,2.295042101
485,177,汕尾市,Shanwei,2019,26.69632925,2.376377794
486,71,河源市,Heyuan,2019,30.2823082,4.073721934
487,246,阳江市,Yangjiang,2019,26.64399913,2.777978731
488,166,清远市,Qingyuan,2019,36.01845917,3.743109858
489,44,东莞市,Dongguan,2019,35.36059658,4.907221263
490,276,中山市,Zhongshan,2019,30.32036345,4.225261408
491,26,潮州市,Chaozhou,2019,32.45584916,2.177665649
492,100,揭阳市,Jieyang,2019,31.94496258,1.452741996
493,261,云浮市,Yunfu,2019,27.91737015,3.197934254
494,147,南宁市,Nanning,2019,44.67100252,8.386359641
495,128,柳州市,Liuzhou,2019,41.46142446,6.429534895
496,62,桂林市,Guilin,2019,40.64328722,4.056855197
497,223,梧州市,Wuzhou,2019,34.46544137,4.918457158
498,17,北海市,Beihai,2019,29.93365767,5.062656642
499,48,防城港市,Fangchenggang,2019,23.65489452,5.309315004
500,163,钦州市,Qinzhou,2019,27.98855848,3.945167035
501,60,贵港市,Guigang,2019,30.06295908,6.059811123
502,258,玉林市,Yulin,2019,28.61348758,4.007481556
503,11,百色市,Baise,2019,29.73363969,4.03369926
504,72,贺州市,Hezhou,2019,27.48691099,3.688719657
505,70,河池市,Hechi,2019,30.82458187,2.878257487
506,115,来宾市,Laibin,2019,29.07270086,4.158703463
507,33,崇左市,Chongzuo,2019,29.47238886,1.861252115
508,65,海口市,Haikou,2019,36.6827263,9.053180069
509,174,三亚市,Sanya,2019,36.38784258,8.702428887
510,40,儋州市,Danzhou,2019,18.03507142,2.473580304
511,278,重庆市,Chongqing,2019,40.81856667,6.627631131
512,29,成都市,Chengdu,2019,35.80560551,9.005861363
513,286,自贡市,Zigong,2019,37.40844517,5.422012486
514,154,攀枝花市,Panzhihua,2019,45.26356242,4.983026965
515,134,泸州市,Luzhou,2019,33.53497696,6.418598108
516,41,德阳市,Deyang,2019,29.61450002,3.669630291
517,142,绵阳市,Mianyang,2019,37.05942819,4.501977455
518,58,广元市,Guangyuan,2019,29.63880289,4.788441692
519,198,遂宁市,Suining,2019,37.30819246,4.564369311
520,151,内江市,Neijiang,2019,29.7962342,4.69950993
521,118,乐山市,Leshan,2019,34.71619107,4.187344913
522,145,南充市,Nanchong,2019,32.40905113,3.622952869
523,140,眉山市,Meishan,2019,28.98303563,3.155013015
524,249,宜宾市,Yibin,2019,36.51975539,4.695668705
525,57,广安市,Guang'an,2019,28.5205314,2.946859903
526,35,达州市,Dazhou,2019,34.06206537,4.246349096
527,241,雅安市,Ya'an,2019,41.77695511,4.479407682
528,7,巴中市,Bazhong,2019,36.99357708,5.379199605
529,284,资阳市,Ziyang,2019,31.31980009,3.319553279
530,61,贵阳市,Guiyang,2019,40.7790377,12.6080381
531,130,六盘水市,Liupanshui,2019,33.46905537,4.478827362
532,287,遵义市,Zunyi,2019,39.77502277,6.129441122
533,3,安顺市,Anshun,2019,34.8891301,3.995451491
534,211,铜仁市,Tongren,2019,39.8092078,5.458316051
535,113,昆明市,Kunming,2019,47.32648051,8.339161935
536,168,曲靖市,Qujing,2019,30.84629796,3.103364014
537,259,玉溪市,Yuxi,2019,36.40294949,4.252370128
538,16,保山市,Baoshan,2019,30.70068545,2.72658035
539,272,昭通市,Zhaotong,2019,31.58703727,3.964390931
540,119,丽江市,Lijiang,2019,40.10538901,2.94912102
541,125,临沧市,Lincang,2019,37.42532006,4.167852063
542,114,拉萨市,Lasa,2019,33.28229665,3.173205742
543,226,西安市,Xi'an,2019,45.5426861,11.21486205
544,209,铜川市,Tongchuan,2019,33.8989688,3.550450333
545,14,宝鸡市,Baoji,2019,36.51043339,6.452648475
546,229,咸阳市,Xianyang,2019,39.72027605,5.725681598
547,215,渭南市,Weinan,2019,29.62344029,5.765374332
548,243,延安市,Yan'an,2019,28.73158529,7.717965348
549,67,汉中市,Hanzhong,2019,30.88548731,4.378996319
550,257,榆林市,Yulin,2019,30.30631991,4.828432529
551,1,安康市,Ankang,2019,35.75992534,4.479862158
552,178,商洛市,Shangluo,2019,31.73388284,3.885781572
553,116,兰州市,Lanzhou,2019,40.78017898,8.980670088
554,97,嘉峪关市,Jiayuguan,2019,28.32400746,2.948752109
555,101,金昌市,Jinchang,2019,24.34264345,2.337267734
556,10,白银市,Baiyin,2019,22.65013718,4.399959354
557,205,天水市,Tianshui,2019,34.31322859,5.402939686
558,225,武威市,Wuwei,2019,27.53850625,3.998837547
559,267,张掖市,Zhangye,2019,33.40969289,3.70105233
560,157,平凉市,Pingliang,2019,24.70578752,4.151217153
561,110,酒泉市,Jiuquan,2019,24.2673445,2.893241627
562,167,庆阳市,Qingyang,2019,24.49623382,3.379900856
563,43,定西市,Dingxi,2019,25.23171988,2.690525232
564,132,陇南市,Longnan,2019,39.68910203,5.027286258
565,227,西宁市,Xining,2019,37.70830261,7.116523058
566,64,海东市,Haidong,2019,29.28244275,2.870229008
567,253,银川市,Yinchuan,2019,36.31979073,5.550559961
568,188,石嘴山市,Shizuishan,2019,22.96217994,3.359173127
569,221,吴忠市,Wuzhong,2019,25.93297324,2.61478026
570,56,固原市,Guyuan,2019,19.73280554,3.730826324
571,277,中卫市,Zhongwei,2019,25.25773196,5.452462772
572,219,乌鲁木齐市,Urumqi,2019,45.30472364,7.375038944
573,112,克拉玛依市,Karamay,2019,40.33678756,4.352331606
574,212,吐鲁番市,Turpan,2019,17.3414305,4.183535762
575,18,北京市,Beijing,2023,59.54226315,19.46445397
576,204,天津市,Tianjin,2023,50.13327209,10.68055759
577,187,石家庄市,Shijiazhuang,2023,51.04749254,11.35346756
578,203,唐山市,Tangshan,2023,45.89414595,7.032878909
579,164,秦皇岛市,Qinhuangdao,2023,50.22524744,8.631745092
580,66,邯郸市,Handan,2023,47.07546385,7.266272846
581,237,邢台市,Xingtai,2023,47.36030668,5.491895496
582,15,保定市,Baoding,2023,49.19292852,6.753047107
583,266,张家口市,Zhangjiakou,2023,49.77937327,7.411562336
584,30,承德市,Chengde,2023,44.42397857,8.615204287
585,22,沧州市,Cangzhou,2023,56.96086157,7.177567639
586,117,廊坊市,Langfang,2023,52.86744709,6.858223956
587,76,衡水市,Hengshui,2023,41.58870745,6.747854968
588,200,太原市,Taiyuan,2023,51.94873512,14.54258524
589,38,大同市,Datong,2023,42.91607523,8.561036196
590,247,阳泉市,Yangquan,2023,45.71453035,6.661529241
591,271,长治市,Changzhi,2023,46.61198877,5.71365663
592,104,晋城市,Jincheng,2023,49.54050374,9.11334241
593,190,朔州市,Shuozhou,2023,40.28056112,2.749944333
594,105,晋中市,Jinzhong,2023,49.57640173,9.642637092
595,262,运城市,Yuncheng,2023,50.72064858,6.445801221
596,233,忻州市,Xinzhou,2023,40.37725894,6.120564569
597,126,临汾市,Linfen,2023,49.22139472,5.09478673
598,135,吕梁市,Lvliang,2023,44.23163587,5.937359171
599,78,呼和浩特市,Hohhot,2023,49.89472115,11.57881007
600,13,包头市,Baotou,2023,36.43373953,5.814451637
601,217,乌海市,Wuhai,2023,32.67562273,6.954939826
602,32,赤峰市,Chifeng,2023,49.28772168,9.031882934
603,208,通辽市,Tongliao,2023,46.56652361,6.732832618
604,46,鄂尔多斯市,Erdos,2023,41.82940949,7.641837129
605,79,呼伦贝尔市,Hulunbuir,2023,54.95858993,6.434487152
606,6,巴彦淖尔市,Bayannur,2023,39.78732454,5.206295194
607,218,乌兰察布市,Ulanqab,2023,44.85673057,6.349206349
608,28,沈阳市,Shenyang,2023,45.14078362,8.127778624
609,36,大连市,Dalian,2023,47.05748279,10.76035921
610,5,鞍山市,Anshan,2023,43.99719842,8.77966381
611,51,抚顺市,Fushun,2023,41.33499171,4.537497697
612,19,本溪市,Benxi,2023,47.0849528,6.191004997
613,39,丹东市,Dandong,2023,43.62285635,4.846212595
614,103,锦州市,Jinzhou,2023,44.89817792,3.483386924
615,255,营口市,Yingkou,2023,41.8253173,3.799265197
616,53,阜新市,Fuxin,2023,40.65502447,3.021330594
617,122,辽阳市,Liaoyang,2023,39.65014577,3.38313897
618,155,盘锦市,Panjin,2023,45.37860815,5.046461052
619,206,铁岭市,Tieling,2023,42.49011858,3.754940711
620,25,朝阳市,Chaoyang,2023,47.71749155,5.733169382
621,81,葫芦岛市,Huludao,2023,39.31818182,4.683441558
622,269,长春市,Changchun,2023,48.45561695,8.103618999
623,92,吉林市,Jilin,2023,49.35768457,6.17241913
624,191,四平市,Siping,2023,43.18364074,5.910184443
625,123,辽源市,Liaoyuan,2023,45.52490326,5.155411309
626,207,通化市,Tonghua,2023,49.48290546,4.70860202
627,9,白山市,Baishan,2023,47.58364312,3.614209005
628,192,松原市,Songyuan,2023,44.09163707,3.342385628
629,8,白城市,Baicheng,2023,52.32965607,11.94029851
630,63,哈尔滨市,Harbin,2023,55.09454553,9.075741359
631,162,齐齐哈尔市,Qiqihar,2023,54.65268676,5.755788554
632,90,鸡西市,Jixi,2023,52.79054498,5.975049245
633,74,鹤岗市,Hegang,2023,48.13416582,5.386960941
634,189,双鸭山市,Shuangyashan,2023,47.25351133,4.50563204
635,37,大庆市,Daqing,2023,50.05283551,8.008982036
636,248,伊春市,Yichun,2023,54.82766003,5.394990366
637,95,佳木斯市,Jiamusi,2023,51.75674693,4.15363352
638,161,七台河市,Qitaihe,2023,50.3681592,5.711442786
639,143,牡丹江市,Mudanjiang,2023,48.59187595,5.049367172
640,75,黑河市,Heihe,2023,50.92041914,3.511753044
641,196,绥化市,Suihua,2023,50.38715555,4.406741061
642,180,上海市,Shanghai,2023,47.49017072,17.75546534
643,146,南京市,Nanjing,2023,51.53952656,14.64897174
644,220,无锡市,Wuxi,2023,45.16269087,9.02991677
645,238,徐州市,Xuzhou,2023,47.89391292,10.33566332
646,24,常州市,Changzhou,2023,38.63309896,8.102114362
647,193,苏州市,Suzhou,2023,47.75337049,10.74934205
648,149,南通市,Nantong,2023,45.02452246,10.0348477
649,121,连云港市,Lianyungang,2023,45.58599696,7.919240756
650,83,淮安市,Huai'an,2023,41.68134467,6.343415027
651,244,盐城市,Yancheng,2023,50.34400028,12.0946971
652,245,扬州市,Yangzhou,2023,47.29501085,9.540130152
653,274,镇江市,Zhenjiang,2023,40.47048453,8.324380905
654,202,泰州市,Taizhou,2023,34.12701298,5.790832091
655,194,宿迁市,Suqian,2023,36.61199358,6.239975164
656,68,杭州市,Hangzhou,2023,51.57254386,16.48916987
657,152,宁波市,Ningbo,2023,44.94245442,10.68408121
658,216,温州市,Wenzhou,2023,37.10590201,6.632633148
659,96,嘉兴市,Jiaxing,2023,39.86947748,10.90979348
660,80,湖州市,Huzhou,2023,42.49574673,12.95953843
661,184,绍兴市,Shaoxing,2023,40.81632653,9.680577132
662,102,金华市,Jinhua,2023,37.38731615,7.870736465
663,169,衢州市,Quzhou,2023,39.84340187,6.607677128
664,279,舟山市,Zhoushan,2023,44.23243712,9.792635812
665,199,台州市,Taizhou,2023,38.17450196,6.809886099
666,120,丽水市,Lishui,2023,44.76477819,7.207509219
667,69,合肥市,Hefei,2023,50.84109967,14.34576677
668,222,芜湖市,Wuhu,2023,48.20523139,12.44265594
669,12,蚌埠市,Bengbu,2023,47.44030757,7.591393498
670,85,淮南市,Huainan,2023,51.32190891,7.822516445
671,138,马鞍山市,Maanshan,2023,42.39757646,5.789574918
672,84,淮北市,Huaibei,2023,43.17084714,6.029342168
673,210,铜陵市,Tongling,2023,45.98448837,9.223584355
674,2,安庆市,Anqing,2023,43.26998021,7.728281072
675,87,黄山市,Huangshan,2023,43.84984808,4.508477899
676,34,滁州市,Chuzhou,2023,49.31414739,8.239196701
677,54,阜阳市,Fuyang,2023,54.56308548,8.913934426
678,195,宿州市,Suzhou,2023,49.53669293,8.721074278
679,129,六安市,Lu'an,2023,48.72732453,7.032956596
680,21,亳州市,Bozhou,2023,45.54472576,5.398235192
681,31,池州市,Chizhou,2023,40.15710545,7.200666508
682,240,宣城市,Xuancheng,2023,43.24806663,5.782272457
683,50,福州市,Fuzhou,2023,47.24125789,12.09133508
684,175,厦门市,Xiamen,2023,47.7472785,11.793583
685,159,莆田市,Putian,2023,40.73457817,7.980526283
686,173,三明市,Sanming,2023,45.24249751,9.401223155
687,170,泉州市,Quanzhou,2023,37.71425285,5.858161739
688,268,漳州市,Zhangzhou,2023,39.43384245,5.217071622
689,148,南平市,Nanping,2023,45.32719632,9.025415249
690,131,龙岩市,Longyan,2023,45.53959836,6.090221083
691,153,宁德市,Ningde,2023,47.00083893,9.532298658
692,144,南昌市,Nanchang,2023,46.79729969,10.08545403
693,108,景德镇市,Jingdezhen,2023,45.29150746,4.97966227
694,158,萍乡市,Pingxiang,2023,41.48154551,5.411012188
695,109,九江市,Jiujiang,2023,42.79603547,6.786645801
696,235,新余市,Xinyu,2023,36.45523243,4.98435234
697,254,鹰潭市,Yingtan,2023,42.83402001,9.387875221
698,55,赣州市,Ganzhou,2023,40.0245048,7.358246546
699,91,吉安市,Ji'an,2023,38.32050385,6.6620014
700,251,宜春市,Yichun,2023,40.94827586,6.998831093
701,52,抚州市,Fuzhou,2023,38.97803396,4.93067456
702,181,上饶市,Shangrao,2023,40.76844393,7.294463624
703,93,济南市,Ji'nan,2023,56.1892562,13.29173554
704,165,青岛市,Qingdao,2023,46.97883304,9.240637693
705,285,淄博市,Zibo,2023,45.71939106,7.296392972
706,263,枣庄市,Zaozhuang,2023,37.88627936,2.691937921
707,45,东营市,Dongying,2023,44.63060408,7.152178489
708,242,烟台市,Yantai,2023,50.05842002,7.206392281
709,214,潍坊市,Weifang,2023,44.93468293,6.82238948
710,94,济宁市,Jining,2023,43.81981721,8.80240824
711,201,泰安市,Tai'an,2023,43.56983127,8.184590364
712,213,威海市,Weihai,2023,51.96503315,9.075082417
713,171,日照市,Rizhao,2023,42.0374334,7.254428708
714,127,临沂市,Linyi,2023,45.39388458,6.257179869
715,42,德州市,Dezhou,2023,48.52227614,6.881340979
716,124,聊城市,Liaocheng,2023,51.06823529,8.983529412
717,20,滨州市,Binzhou,2023,43.80138951,4.155777934
718,275,郑州市,Zhengzhou,2023,50.94177059,15.20354194
719,111,开封市,Kaifeng,2023,41.79637356,5.503851091
720,136,洛阳市,Luoyang,2023,43.22537195,8.818547317
721,156,平顶山市,Pingdingshan,2023,47.88943425,7.186773444
722,4,安阳市,Anyang,2023,47.66479085,5.028854081
723,73,鹤壁市,Hebi,2023,47.02920443,7.31789191
724,234,新乡市,Xinxiang,2023,41.91629836,6.291264255
725,99,焦作市,Jiaozuo,2023,44.91691561,3.986183719
726,160,濮阳市,Puyang,2023,41.1956432,4.905520257
727,239,许昌市,Xuchang,2023,41.20365818,7.655620022
728,137,漯河市,Luohe,2023,40.6363511,4.588716723
729,172,三门峡市,Sanmenxia,2023,46.28676956,7.558369608
730,150,南阳市,Nanyang,2023,49.59482421,7.688537446
731,179,商丘市,Shangqiu,2023,39.88190429,4.473695001
732,236,信阳市,Xinyang,2023,50.603478,7.630917779
733,280,周口市,Zhoukou,2023,46.29097558,9.070131905
734,283,驻马店市,Zhumadian,2023,42.60804047,8.476400624
735,224,武汉市,Wuhan,2023,56.60573746,14.1384237
736,88,黄石市,Huangshi,2023,47.15508323,6.982977523
737,186,十堰市,Shiyan,2023,51.58289185,9.064478615
738,250,宜昌市,Yichang,2023,56.74330122,12.75398689
739,231,襄阳市,Xiangyang,2023,45.67870486,9.699341754
740,47,鄂州市,Ezhou,2023,43.40598855,5.59225011
741,106,荆门市,Jingmen,2023,41.65618119,8.540421516
742,232,孝感市,Xiaogan,2023,42.34659474,8.369858395
743,107,荆州市,Jingzhou,2023,43.85226063,6.685061477
744,86,黄冈市,Huanggang,2023,44.36680152,7.784724776
745,228,咸宁市,Xianning,2023,45.15335267,6.265928465
746,197,随州市,Suizhou,2023,42.09974853,8.005029338
747,270,长沙市,Changsha,2023,48.51130153,13.24878088
748,281,株洲市,Zhuzhou,2023,46.36896844,11.15914863
749,230,湘潭市,Xiangtan,2023,42.97029703,6.792079208
750,77,衡阳市,Hengyang,2023,44.63032537,8.750974693
751,183,邵阳市,Shaoyang,2023,41.23929045,7.692771811
752,260,岳阳市,Yueyang,2023,47.79160811,9.767115037
753,23,常德市,Changde,2023,37.22426471,7.362616099
754,265,张家界市,Zhangjiajie,2023,49.48176067,12.33005788
755,252,益阳市,Yiyang,2023,44.30006277,4.827369743
756,27,郴州市,Chenzhou,2023,45.43079316,10.30793157
757,256,永州市,Yongzhou,2023,43.93051031,7.709011944
758,82,怀化市,Huaihua,2023,43.58959019,8.18426563
759,133,娄底市,Loudi,2023,44.74053296,7.713884993
760,59,广州市,Guangzhou,2023,52.3473862,9.464679516
761,182,韶关市,Shaoguan,2023,42.37541033,6.80990749
762,185,深圳市,Shenzhen,2023,60.42196862,12.95834522
763,282,珠海市,Zhuhai,2023,46.5700233,11.5799465
764,176,汕头市,Shantou,2023,35.90859418,6.342205917
765,49,佛山市,Foshan,2023,43.45802734,6.984259869
766,98,江门市,Jiangmen,2023,34.5990858,6.425578516
767,264,湛江市,Zhanjiang,2023,43.34570327,8.12777414
768,139,茂名市,Maoming,2023,36.20119547,5.036245708
769,273,肇庆市,Zhaoqing,2023,36.4384567,6.26441602
770,89,惠州市,Huizhou,2023,40.19475747,7.449371223
771,141,梅州市,Meizhou,2023,35.04997459,3.139646507
772,177,汕尾市,Shanwei,2023,33.07984791,4.976029096
773,71,河源市,Heyuan,2023,39.35584808,6.68429003
774,246,阳江市,Yangjiang,2023,35.61716094,5.368655492
775,166,清远市,Qingyuan,2023,40.27639492,5.093791071
776,44,东莞市,Dongguan,2023,39.63178552,7.022240761
777,276,中山市,Zhongshan,2023,35.93686162,5.266514534
778,26,潮州市,Chaozhou,2023,34.81929405,3.131298927
779,100,揭阳市,Jieyang,2023,32.92146806,3.280490242
780,261,云浮市,Yunfu,2023,34.88763186,4.143097386
781,147,南宁市,Nanning,2023,51.0903574,11.96604626
782,128,柳州市,Liuzhou,2023,50.96524078,7.597974577
783,62,桂林市,Guilin,2023,47.50753111,5.98297315
784,223,梧州市,Wuzhou,2023,43.92582669,7.050694493
785,17,北海市,Beihai,2023,38.34551632,6.851642129
786,48,防城港市,Fangchenggang,2023,38.30460781,5.451987337
787,163,钦州市,Qinzhou,2023,37.02371844,6.717674063
788,60,贵港市,Guigang,2023,42.59563965,7.047854107
789,258,玉林市,Yulin,2023,35.66321244,5.362694301
790,11,百色市,Baise,2023,46.11164892,6.04496074
791,72,贺州市,Hezhou,2023,35.16363636,4.678787879
792,70,河池市,Hechi,2023,34.22404933,3.18602261
793,115,来宾市,Laibin,2023,37.31448763,5.964664311
794,33,崇左市,Chongzuo,2023,39.57622991,3.263516805
795,65,海口市,Haikou,2023,45.85327108,11.91809218
796,174,三亚市,Sanya,2023,47.2559789,10.15871643
797,40,儋州市,Danzhou,2023,29.03279786,4.53480589
798,278,重庆市,Chongqing,2023,49.53236813,8.595054232
799,29,成都市,Chengdu,2023,45.40365213,12.17552669
800,286,自贡市,Zigong,2023,48.95166453,7.738476312
801,154,攀枝花市,Panzhihua,2023,53.25162075,7.425040519
802,134,泸州市,Luzhou,2023,42.41025916,9.819176906
803,41,德阳市,Deyang,2023,35.60791819,6.135996651
804,142,绵阳市,Mianyang,2023,43.85924739,6.976566674
805,58,广元市,Guangyuan,2023,37.22584966,7.877113678
806,198,遂宁市,Suining,2023,40.72522492,6.634159742
807,151,内江市,Neijiang,2023,42.86811583,8.579768031
808,118,乐山市,Leshan,2023,43.81400641,7.52043033
809,145,南充市,Nanchong,2023,39.46963874,6.744811683
810,140,眉山市,Meishan,2023,33.270156,4.745589736
811,249,宜宾市,Yibin,2023,48.47940282,9.432310386
812,57,广安市,Guang'an,2023,37.07076615,5.539309884
813,35,达州市,Dazhou,2023,45.25412541,8.356435644
814,241,雅安市,Ya'an,2023,48.48762603,6.721662084
815,7,巴中市,Bazhong,2023,43.36332334,8.674886149
816,284,资阳市,Ziyang,2023,41.25469169,4.868632708
817,61,贵阳市,Guiyang,2023,47.04807422,16.55565407
818,130,六盘水市,Liupanshui,2023,39.38876234,6.150341686
819,287,遵义市,Zunyi,2023,46.2892373,8.531936756
820,3,安顺市,Anshun,2023,42.71774774,5.518675518
821,211,铜仁市,Tongren,2023,49.02998236,8.566389519
822,113,昆明市,Kunming,2023,54.52181145,11.77969305
823,168,曲靖市,Qujing,2023,39.36296432,5.110888017
824,259,玉溪市,Yuxi,2023,45.0820369,6.307914648
825,16,保山市,Baoshan,2023,39.09916283,3.407617026
826,272,昭通市,Zhaotong,2023,43.64011394,7.081819075
827,119,丽江市,Lijiang,2023,44.61440812,3.636940654
828,125,临沧市,Lincang,2023,44.96604075,5.473431882
829,114,拉萨市,Lasa,2023,44.7042401,7.462339324
830,226,西安市,Xi'an,2023,52.61254131,16.41818496
831,209,铜川市,Tongchuan,2023,44.42508711,6.136275648
832,14,宝鸡市,Baoji,2023,46.23866085,10.07367313
833,229,咸阳市,Xianyang,2023,50.3382732,9.290431701
834,215,渭南市,Weinan,2023,40.06973811,5.809036279
835,243,延安市,Yan'an,2023,40.22354078,13.53663585
836,67,汉中市,Hanzhong,2023,44.16705919,7.756319673
837,257,榆林市,Yulin,2023,40.80648864,8.615808402
838,1,安康市,Ankang,2023,45.30350022,7.465662384
839,178,商洛市,Shangluo,2023,39.85663082,6.571087216
840,116,兰州市,Lanzhou,2023,48.57964306,11.35200622
841,97,嘉峪关市,Jiayuguan,2023,39.61038961,3.49025974
842,101,金昌市,Jinchang,2023,34.39397111,3.412183379
843,10,白银市,Baiyin,2023,33.22932917,5.321546195
844,205,天水市,Tianshui,2023,48.57582756,7.359507313
845,225,武威市,Wuwei,2023,41.68315679,6.076126179
846,267,张掖市,Zhangye,2023,41.48139198,5.473658772
847,157,平凉市,Pingliang,2023,35.64427789,6.34188527
848,110,酒泉市,Jiuquan,2023,35.92798517,3.746359545
849,167,庆阳市,Qingyang,2023,36.24516842,5.323025953
850,43,定西市,Dingxi,2023,38.09980806,3.685220729
851,132,陇南市,Longnan,2023,39.79842005,7.055298284
852,227,西宁市,Xining,2023,47.13259264,10.18561639
853,64,海东市,Haidong,2023,42.27513228,5.185185185
854,253,银川市,Yinchuan,2023,44.04555026,8.073518288
855,188,石嘴山市,Shizuishan,2023,35.41767262,4.442298407
856,221,吴忠市,Wuzhong,2023,38.01608579,3.474530831
857,56,固原市,Guyuan,2023,29.59695208,5.313815921
858,277,中卫市,Zhongwei,2023,39.28571429,5.631868132
859,219,乌鲁木齐市,Urumqi,2023,59.31050767,11.21448249
860,112,克拉玛依市,Karamay,2023,52.1557213,5.402947062
861,212,吐鲁番市,Turpan,2023,38.22768435,7.697283312