Year,CityTier,LayerType,Percentage(%)
2015,Tier 1,1 Underground,0.7333571245142801
2015,Tier 1,2 Ground floor,91.24745761894485
2015,Tier 1,3 Low rise,3.7461766326396515
2015,Tier 1,4 Mid rise,1.6946996705001813
2015,Tier 1,5 High rise L1,0.9222799988908166
2015,Tier 1,6 High rise L2,1.477112843741372
2015,Tier 1,7 High rise L3,0.16239892264530603
2015,Tier 1,8 Extra high rise,0.01651718812353892
2015,Tier 2,1 Underground,0.4151657571436494
2015,Tier 2,2 Ground floor,93.61015725048462
2015,Tier 2,3 Low rise,2.7903371492716276
2015,Tier 2,4 Mid rise,1.2367643206051107
2015,Tier 2,5 High rise L1,0.7106837135566632
2015,Tier 2,6 High rise L2,1.1317776781952242
2015,Tier 2,7 High rise L3,0.101544457412841
2015,Tier 2,8 Extra high rise,0.0035696733302693637
2015,Tier 3,1 Underground,0.3024993795516665
2015,Tier 3,2 Ground floor,95.45051123299109
2015,Tier 3,3 Low rise,2.2085495314998744
2015,Tier 3,4 Mid rise,0.9582023269688756
2015,Tier 3,5 High rise L1,0.4408059418405702
2015,Tier 3,6 High rise L2,0.5764827893384789
2015,Tier 3,7 High rise L3,0.054730939087587575
2015,Tier 3,8 Extra high rise,0.008217858721859997
2015,Tier 4,1 Underground,0.26744052227406834
2015,Tier 4,2 Ground floor,96.22091502584169
2015,Tier 4,3 Low rise,1.952119645958444
2015,Tier 4,4 Mid rise,0.8144838986420038
2015,Tier 4,5 High rise L1,0.3506151785901111
2015,Tier 4,6 High rise L2,0.3595080663723295
2015,Tier 4,7 High rise L3,0.03413299575233831
2015,Tier 4,8 Extra high rise,0.0007846665690192715
2015,Tier 5,1 Underground,0.2686741719830788
2015,Tier 5,2 Ground floor,96.78170486932426
2015,Tier 5,3 Low rise,1.6817598333868926
2015,Tier 5,4 Mid rise,0.6990796592579325
2015,Tier 5,5 High rise L1,0.24110433864886743
2015,Tier 5,6 High rise L2,0.2851809511768104
2015,Tier 5,7 High rise L3,0.040037719746498016
2015,Tier 5,8 Extra high rise,0.002458456475662159
2019,Tier 1,1 Underground,0.43945614530903393
2019,Tier 1,2 Ground floor,89.70897172967007
2019,Tier 1,3 Low rise,4.289390871026047
2019,Tier 1,4 Mid rise,2.0061939643805964
2019,Tier 1,5 High rise L1,1.2508230016620487
2019,Tier 1,6 High rise L2,2.0486559667794904
2019,Tier 1,7 High rise L3,0.21792200354919708
2019,Tier 1,8 Extra high rise,0.03858631762352931
2019,Tier 2,1 Underground,0.35263775268487574
2019,Tier 2,2 Ground floor,92.15659051812592
2019,Tier 2,3 Low rise,3.3328688584812687
2019,Tier 2,4 Mid rise,1.5536177101727593
2019,Tier 2,5 High rise L1,0.9289074791429678
2019,Tier 2,6 High rise L2,1.5055825654719528
2019,Tier 2,7 High rise L3,0.161029208712197
2019,Tier 2,8 Extra high rise,0.008765907208058555
2019,Tier 3,1 Underground,0.19419378758632933
2019,Tier 3,2 Ground floor,94.60695405456966
2019,Tier 3,3 Low rise,2.5623964271548316
2019,Tier 3,4 Mid rise,1.0601914446865146
2019,Tier 3,5 High rise L1,0.589392476400724
2019,Tier 3,6 High rise L2,0.8745963028288928
2019,Tier 3,7 High rise L3,0.09147233162295278
2019,Tier 3,8 Extra high rise,0.020803175150098763
2019,Tier 4,1 Underground,0.1768461027965207
2019,Tier 4,2 Ground floor,95.63491482432295
2019,Tier 4,3 Low rise,2.315862065707963
2019,Tier 4,4 Mid rise,0.8477654521880217
2019,Tier 4,5 High rise L1,0.4115072776611347
2019,Tier 4,6 High rise L2,0.5524551330951138
2019,Tier 4,7 High rise L3,0.05408354372382912
2019,Tier 4,8 Extra high rise,0.006565600504464845
2019,Tier 5,1 Underground,0.2129575465187357
2019,Tier 5,2 Ground floor,95.91188698936016
2019,Tier 5,3 Low rise,2.3117140526419955
2019,Tier 5,4 Mid rise,0.7907765136162105
2019,Tier 5,5 High rise L1,0.29329132606969904
2019,Tier 5,6 High rise L2,0.39692190169044184
2019,Tier 5,7 High rise L3,0.07551375277790558
2019,Tier 5,8 Extra high rise,0.006937917324855929
2023,Tier 1,1 Underground,0.7484553885480728
2023,Tier 1,2 Ground floor,87.24987674145623
2023,Tier 1,3 Low rise,6.18589983316212
2023,Tier 1,4 Mid rise,2.2187555491785056
2023,Tier 1,5 High rise L1,1.1967908512395307
2023,Tier 1,6 High rise L2,2.0442346801968676
2023,Tier 1,7 High rise L3,0.2982627795831953
2023,Tier 1,8 Extra high rise,0.05772417663547169
2023,Tier 2,1 Underground,0.49812491072748777
2023,Tier 2,2 Ground floor,89.96512036552618
2023,Tier 2,3 Low rise,4.86329420073194
2023,Tier 2,4 Mid rise,1.821012644548167
2023,Tier 2,5 High rise L1,0.9261722082993173
2023,Tier 2,6 High rise L2,1.6377971753653524
2023,Tier 2,7 High rise L3,0.27268694658896275
2023,Tier 2,8 Extra high rise,0.01579154821260199
2023,Tier 3,1 Underground,0.2501984699858409
2023,Tier 3,2 Ground floor,92.24785892609785
2023,Tier 3,3 Low rise,4.033484598085278
2023,Tier 3,4 Mid rise,1.3899089588583977
2023,Tier 3,5 High rise L1,0.6775960938927702
2023,Tier 3,6 High rise L2,1.185223630978057
2023,Tier 3,7 High rise L3,0.18086397711565538
2023,Tier 3,8 Extra high rise,0.03486534498615044
2023,Tier 4,1 Underground,0.23210404434488482
2023,Tier 4,2 Ground floor,93.27813675225313
2023,Tier 4,3 Low rise,3.7272822870872835
2023,Tier 4,4 Mid rise,1.2378378010335742
2023,Tier 4,5 High rise L1,0.5437196110517234
2023,Tier 4,6 High rise L2,0.8452733009991519
2023,Tier 4,7 High rise L3,0.1189268441037024
2023,Tier 4,8 Extra high rise,0.016719359126538314
2023,Tier 5,1 Underground,0.24347228941988047
2023,Tier 5,2 Ground floor,93.99543069263544
2023,Tier 5,3 Low rise,3.459875694670382
2023,Tier 5,4 Mid rise,1.198872920190792
2023,Tier 5,5 High rise L1,0.37973513384372876
2023,Tier 5,6 High rise L2,0.5717036697324807
2023,Tier 5,7 High rise L3,0.14094500383576905
2023,Tier 5,8 Extra high rise,0.009964595671523706