Fid,Big_cate,Type,Year,P_NSF(%),P_NGF(%)
1,Entertainment,DIY workshop,2015,43.95720313441832,34.553948161543104
2,Entertainment,DIY workshop,2019,52.79832275347971,23.13202492574689
3,Entertainment,DIY workshop,2023,65.56925308194343,38.448150833937625
4,Entertainment,KTV,2015,35.19172298514345,11.89820885629061
5,Entertainment,KTV,2019,41.79679894076872,18.458662720510922
6,Entertainment,KTV,2023,52.00877845032035,29.47860252734416
7,Daily service,Home repair service,2015,36.44974097872245,16.9531093670098
8,Daily service,Home repair service,2019,32.41123938139839,5.72859943367458
9,Daily service,Home repair service,2023,38.56951871657754,3.4926470588235197
10,F&B,Southeast Asian cuisine,2015,37.14217557251908,20.25286259541985
11,F&B,Southeast Asian cuisine,2019,47.15284715284715,14.418914418914419
12,F&B,Southeast Asian cuisine,2023,59.64766494931028,22.10403855742064
13,F&B,Chinese/Local cuisine,2015,32.793861476123745,4.50669645674758
14,F&B,Chinese/Local cuisine,2019,36.00182129243034,4.16160411189903
15,F&B,Chinese/Local cuisine,2023,45.73298350276595,6.84458019537327
16,F&B,Halal cuisine,2015,31.76008227429663,1.9760523029457098
17,Retail goods,Music shop,2019,36.18672535619136,11.0390362562261
18,Retail goods,Music shop,2023,45.953002610966045,11.82245430809399
19,Exercise,Table tennis center,2015,50.06361323155216,17.36641221374045
20,Exercise,Table tennis center,2019,56.12144955925563,19.29480901077375
21,Exercise,Table tennis center,2023,70.85714285714286,43.71428571428571
22,Retail goods,Bookstore,2015,33.01022975012577,3.57538151936944
23,Retail goods,Bookstore,2019,40.09727698146579,6.41143741479052
24,Retail goods,Bookstore,2023,46.310848583935446,9.47207425768683
25,Training,Calligraphy studio,2019,50.615595075239405,22.47711249079238
26,Training,Calligraphy studio,2023,52.373842938190506,26.54523738429382
27,Training,Parent-child education,2015,44.44243955250812,32.95290508841573
28,Training,Parent-child education,2019,50.998102284465155,24.45650868385019
29,Training,Parent-child education,2023,53.93457541069975,31.756789118252787
30,Entertainment,Parent-child recreation,2015,39.29665839778199,23.22340580767546
31,Entertainment,Parent-child recreation,2019,46.47149667629088,14.55269813558942
32,Entertainment,Parent-child recreation,2023,68.02159020137015,36.86111687772472
34,F&B,Conference banqueting,2019,50.27345006663909,10.84608667677742
35,F&B,Conference banqueting,2023,59.339872858165286,11.67431482339073
36,Retail goods,Pharmacy,2015,32.556955713232,1.3951942156058101
37,Retail goods,Pharmacy,2019,32.40032670052233,2.05669834871329
38,Retail goods,Pharmacy,2023,40.64996770919826,3.2604483808469302
39,Exercise,Bowling alley,2015,44.45945945945946,21.216216216216218
42,Daily service,Shoe repair service,2015,31.80674383492702,1.00654252642173
43,Daily service,Shoe repair service,2019,34.4032205418344,1.39266673920139
44,Daily service,Shoe repair service,2023,42.3,4.7
45,Exercise,Fitness center,2015,44.08455039846769,25.361699216745897
46,Exercise,Fitness center,2019,57.12614870509607,36.53578390420495
47,Exercise,Fitness center,2023,64.9365821094793,52.33644859813084
48,Beauty,Other beauty service,2015,39.522484932777004,12.35512285581826
49,Beauty,Other beauty service,2023,46.38163816381638,9.684968496849681
50,Entertainment,Other entertainment,2015,42.86051562942676,11.51666824062707
51,Entertainment,Other entertainment,2023,48.24452705493598,6.40231309376291
52,Training,Other training,2015,45.79293087269315,5.84923365655302
53,Training,Other training,2019,53.76103896103896,23.44860853432282
54,Training,Other training,2023,55.47620407930069,29.160715305947548
55,Daily service,Other life service,2015,35.91925334994184,7.48527674229032
56,Daily service,Other life service,2019,40.32533117262432,6.9228268857525
57,Daily service,Other life service,2023,51.88648234047992,9.01542544772757
58,Retail goods,Other retail,2015,32.6894374127777,4.11500681613673
59,Retail goods,Other retail,2019,35.53527497433314,4.42583732057416
60,Retail goods,Other retail,2023,44.786584782567104,7.49488224377737
61,Exercise,Other Exercise,2015,54.111675126903556,17.461928934010153
62,Exercise,Other Exercise,2019,55.029248372024576,22.8063720981568
63,Exercise,Other Exercise,2023,63.423911504591835,33.9871070043134
64,F&B,Other catering,2015,34.60335591482568,5.730240047
65,F&B,Other catering,2019,37.80807309494971,4.20835747011427
66,F&B,Other catering,2023,45.7442876344086,5.26041666666666
67,F&B,Creative cuisine,2015,34.039334341906205,9.37972768532526
68,F&B,Creative cuisine,2019,39.420695595994395,7.451275977172379
69,F&B,Creative cuisine,2023,50.65931903168668,11.80869907498524
70,Retail goods,Stationery and office supplies,2015,30.45748600272693,2.55867250732499
71,Retail goods,Stationery and office supplies,2019,36.00576741112329,5.334855289046421
72,Retail goods,Stationery and office supplies,2023,40.23356040595023,4.76157375225914
73,Retail goods,Cosmetics,2015,35.816789931231355,6.76527831841183
74,Retail goods,Cosmetics,2019,40.66509937135578,7.62761891939476
75,Retail goods,Cosmetics,2023,51.737285087403784,9.07308826703114
76,Training,Tutoring for school admission,2019,46.33356964522392,26.26760780445705
77,Training,Tutoring for school admission,2023,62.87215411558669,42.61529480443666
78,F&B,Café,2015,37.86926022190547,10.761297895531149
79,F&B,Café,2019,48.125518844429685,10.86335713099784
80,F&B,Café,2023,55.32826736773868,9.77059098930385
81,Daily service,Consultancy service,2019,45.988597601786964,37.19326823053165
82,Daily service,Consultancy service,2023,55.163583471616164,39.3153463216766
83,Retail goods,Brand outlet,2015,39.549839228295816,15.91639871382636
84,Retail goods,Brand outlet,2019,34.20328648970183,5.92609115919399
85,Retail goods,Brand outlet,2023,48.57828023295649,9.69510106200753
86,Daily service,Recycling service,2015,33.37819650067295,6.05652759084791
87,Daily service,Recycling service,2019,28.47940328869299,2.5597558908289497
88,Daily service,Recycling service,2023,43.923120407009606,13.365097310829361
89,Retail goods,Luxury goods,2019,45.28051050252593,14.30470619516086
90,Retail goods,Luxury goods,2023,67.86279683377309,19.78891820580475
91,Daily service,Luxury care service,2015,37.92048929663608,13.30275229357798
92,Daily service,Luxury care service,2019,37.25268513284341,7.8575466365177995
93,Daily service,Luxury care service,2023,44.202898550724626,10.72463768115942
94,Retail goods,Wedding supplies,2015,36.15384615384616,23.84615384615385
95,Retail goods,Wedding supplies,2019,38.76712328767123,8.21917808219178
96,Retail goods,Wedding supplies,2023,46.66200629150646,12.26843760922754
97,Daily service,Maternity care service,2015,41.218305504019796,28.29313543599258
98,Daily service,Maternity care service,2019,47.48390767808244,20.57327785483125
99,Daily service,Maternity care service,2023,54.793717277486905,26.70575916230366
100,Daily service,Pet service,2015,31.694107452339694,3.40843443096475
101,Daily service,Pet service,2019,38.30573457265011,4.67266146220882
102,Daily service,Pet service,2023,48.55733947907145,8.92634126871725
103,Retail goods,Home and building materials,2015,29.67139056933433,3.5846393586265797
104,Retail goods,Home and building materials,2019,36.42861593041859,6.6172399484181605
105,Retail goods,Home and building materials,2023,42.61315889103355,6.90081490538284
106,Daily service,Domestic service,2015,36.16347675924594,13.17215906365424
107,Daily service,Domestic service,2019,47.63537271448663,20.28832630098452
108,Daily service,Domestic service,2023,53.919872221482755,27.1462797817117
109,Retail goods,Electronics and appliances,2015,31.385153148883223,6.49031340719237
110,Retail goods,Electronics and appliances,2019,35.38684812223607,9.070770410328729
111,Retail goods,Electronics and appliances,2023,44.22063355300437,9.51959574319446
112,Daily service,Home renovation service,2015,31.89832290123752,16.226288881456348
113,Daily service,Home renovation service,2019,42.399444107967,26.58563037874839
114,Daily service,Home renovation service,2023,43.11543262597727,16.74791406609289
115,Entertainment,Escape room,2015,44.173954147955556,55.70787047979201
116,Entertainment,Escape room,2019,59.360538493899874,51.66175851914178
117,Entertainment,Escape room,2023,66.8615984405458,50.097465886939574
118,F&B,Snacks and fast food,2015,32.94103037551391,3.58646015200322
119,F&B,Snacks and fast food,2019,38.092023561312956,3.73206032364524
120,F&B,Snacks and fast food,2023,45.57945449884569,4.47045636673872
121,F&B,Dry pot/Fragrant pot,2019,44.036537927202005,7.80425118088358
122,F&B,Dry pot/Fragrant pot,2023,55.82859274456775,11.61521962137461
123,Daily service,Locksmith service,2015,32.25235849056603,2.83018867924528
124,Daily service,Locksmith service,2019,43.316452714639034,4.42821811329643
125,Daily service,Locksmith service,2023,33.970406905055476,3.0209617755856897
126,Beauty,Makeup studio,2015,40.88983050847458,39.80932203389831
127,Beauty,Makeup studio,2019,53.364964415033086,32.76314146585092
128,Beauty,Makeup studio,2023,62.02804746494066,40.54553860379103
129,Daily service,Lottery,2019,29.35152218266191,2.16559320451787
130,Daily service,Lottery,2023,35.18579559188696,1.54481728085789
131,Retail goods,Adult shop,2019,33.1511839708561,5.25430853299705
132,Retail goods,Adult shop,2023,53.6957928802589,18.82847896440129
133,Daily service,Estate service,2015,26.58638431138618,5.8235776601297395
134,Daily service,Estate service,2019,30.92776240011589,8.23033344948144
135,Daily service,Estate service,2023,39.55318030488873,3.22673909234273
136,Daily service,Moving service,2015,43.91891891891891,8.78378378378378
137,Daily service,Moving service,2019,52.40862230552952,12.708528584817241
138,Daily service,Moving service,2023,51.69971671388103,14.16430594900849
139,Beauty,Photography,2015,36.89773192894502,27.61575357323628
140,Beauty,Photography,2019,44.07671168109689,19.73444441161116
141,Beauty,Photography,2023,51.7409064384361,25.31330758329396
142,Beauty,Plastic surgery,2015,31.578227571115967,9.9562363238512
143,Beauty,Plastic surgery,2019,44.27762736893921,21.32250389695626
144,Beauty,Plastic surgery,2023,55.096341803965366,29.40519407986596
145,Daily service,Printing service,2015,28.441889117043118,4.8016427104722705
146,Daily service,Printing service,2019,31.60465188852943,5.83254449564665
147,Daily service,Printing service,2023,38.65027249952897,5.3920713453312095
148,Retail goods,Antiques and collectibles,2015,39.92172211350293,7.436399217221119
149,Retail goods,Antiques and collectibles,2019,45.54904051172708,6.67377398720682
150,Retail goods,Antiques and collectibles,2023,48.643077980075574,5.98591549295774
151,Entertainment,Novelty experience,2015,46.04141291108404,13.195290296386519
152,Entertainment,Novelty experience,2019,48.6815415821501,16.88979039891819
153,Entertainment,Novelty experience,2023,66.85829873309912,42.07388480783562
154,Daily service,Travel agency,2015,36.60043995949579,18.99682251475261
155,Daily service,Travel agency,2019,37.30621837069875,15.88441868849394
156,Daily service,Travel agency,2023,44.48826533910907,15.54276847481734
157,F&B,Japanese cuisine,2015,37.57717528856846,15.657475936649151
158,F&B,Japanese cuisine,2019,44.43397242567859,9.17438604049978
159,F&B,Japanese cuisine,2023,54.87207538725478,14.525473035132649
160,Retail goods,"Clothing, shoes, and accessories",2015,32.80514017879387,6.48895429342819
161,Retail goods,"Clothing, shoes, and accessories",2019,40.44147595095488,9.29765643935702
162,Retail goods,"Clothing, shoes, and accessories",2023,47.65380750334971,12.60223593121929
163,F&B,Korean cuisine,2015,36.12982039091389,10.96143687268885
164,F&B,Korean cuisine,2019,42.46455916913046,7.944810855886581
165,F&B,Korean cuisine,2023,54.497404436054744,12.58140632373761
166,Exercise,Billiards hall,2015,37.420396862021235,20.5768343331795
167,Exercise,Billiards hall,2019,39.87460815047021,18.80877742946708
168,Exercise,Billiards hall,2023,49.52400040084177,40.23449243411163
169,Entertainment,Board game café,2015,39.108108108108105,35.40540540540541
170,Entertainment,Board game café,2019,55.84056827150749,42.5414364640884
171,Entertainment,Board game café,2023,67.1615477405586,57.1773220747889
172,Entertainment,Chess room,2015,38.56723791878956,14.157789099891922
173,Entertainment,Chess room,2019,43.56038386635069,11.16872756282408
174,Entertainment,Chess room,2023,51.5804142649015,33.25520998289731
175,Retail goods,Plants and flowers,2015,32.112819025522036,2.08816705336426
176,Retail goods,Plants and flowers,2019,37.66604881062713,4.61626726686967
177,Retail goods,Plants and flowers,2023,46.80881836401578,10.02706667493129
178,Exercise,Martial arts center,2015,44.26778242677824,35.53138075313807
179,Exercise,Martial arts center,2019,46.75466049802694,31.05184378827051
180,Exercise,Martial arts center,2023,60.232717316906225,47.57015742642025
181,Daily service,Funeral service,2019,25.102573666542337,1.52928011935844
182,Daily service,Funeral service,2023,31.407506702412867,1.17962466487935
183,Retail goods,Funeral supplies,2019,24.88499452354874,1.05147864184008
184,Retail goods,Mother and baby products,2015,33.310958877065524,6.4517402720470605
185,Retail goods,Mother and baby products,2019,40.0199074185115,7.1169021178615095
186,Retail goods,Mother and baby products,2023,47.09503820901948,11.07200516628995
187,Retail goods,Fresh produce,2015,31.7764804003336,1.33444537114262
188,Retail goods,Fresh produce,2019,39.7633255056139,2.32262676298204
189,Retail goods,Fresh produce,2023,48.15997409326424,2.89183937823833
190,Daily service,Car service,2015,31.083069340802073,1.98557613414807
191,Daily service,Car service,2019,33.036852513367535,3.3349024518791097
192,Daily service,Car service,2023,44.81464677050939,3.24847672885676
193,Entertainment,Bath and hot spring,2015,36.06379805654542,8.4990816470699
194,Entertainment,Bath and hot spring,2019,42.84096057997281,10.24985435950547
195,Entertainment,Bath and hot spring,2023,49.07357438388199,11.4409066378845
196,Daily service,Laundry,2015,36.43033497347178,2.87520355810817
197,Daily service,Laundry,2019,42.15628909244986,2.19926556636133
198,Daily service,Laundry,2023,45.31504301325273,3.34171757096658
199,F&B,Seafood,2015,32.77676846324653,5.2224817602445395
200,F&B,Seafood,2019,35.13873698335523,3.95301600139702
201,F&B,Seafood,2023,48.18628697347232,8.153233324858029
202,Exercise,Swimming pool,2015,52.05957883923986,7.33436055469953
203,Exercise,Swimming pool,2019,63.837312113174185,7.886825817860291
204,Exercise,Swimming pool,2023,73.4819734345351,17.12523719165085
206,Exercise,Ice skating rink,2019,56.47249190938511,11.16504854368931
208,F&B,Hot pot,2015,30.49050640823695,6.64526420538361
209,F&B,Hot pot,2019,32.83839650859861,4.87118777415739
210,F&B,Hot pot,2023,44.36326861942142,8.11848949475985
211,F&B,Barbecue,2015,31.189120335681096,2.84729506968379
212,F&B,Barbecue,2019,34.82014541284078,3.17656970117449
213,F&B,Barbecue,2023,44.2001903823574,5.08217184044921
214,F&B,Prepared and preserved food,2019,36.2389992949103,2.4451814517884
215,F&B,Prepared and preserved food,2023,43.68993915494079,3.12391081369063
216,Beauty,Dental clinic,2015,32.3409223584355,6.18213660245183
217,Beauty,Dental clinic,2019,32.45173785376621,5.42910098086174
218,Daily service,Logistics and delivery,2015,33.36998187382997,5.301161857783851
219,Daily service,Logistics and delivery,2019,49.50624704821604,6.432282242681101
220,Daily service,Logistics and delivery,2023,57.86759492038935,3.90455930970338
221,Retail goods,Jewelry,2015,34.55065729827742,10.392112420670891
222,Retail goods,Jewelry,2019,43.01394319624828,11.13318329833913
223,Retail goods,Jewelry,2023,50.06691069390325,10.53056244342111
224,Exercise,Yoga studio,2015,43.57892763404574,53.646419197600295
225,Exercise,Yoga studio,2019,56.992903607332934,48.08914843287996
226,Exercise,Yoga studio,2023,65.6151296549035,55.32462468317411
227,Entertainment,Cinema,2015,41.93089719891938,33.05843878856818
228,Entertainment,Cinema,2019,54.33080651174351,44.92357400273393
229,Entertainment,Cinema,2023,67.33186988625025,48.76604802767245
230,Beauty,Body shaping,2015,37.836627646644914,24.71694492419881
231,Beauty,Body shaping,2019,44.84395577470828,20.69921288781354
232,Beauty,Body shaping,2023,54.33562323950798,24.939712647172062
233,Retail goods,Opticians,2015,29.981556621173,7.05766629779909
234,Retail goods,Opticians,2019,33.62248938161399,9.1012166150745
235,Retail goods,Opticians,2023,43.43210644801142,12.154766916192319
236,Retail goods,Gift shop,2015,50.42016806722689,10.92436974789915
237,Retail goods,Gift shop,2019,40.54348134621389,5.17745460738582
238,Retail goods,Gift shop,2023,47.6950998185118,6.14711220241273
240,Beauty,Acne treatment,2019,44.01953601953602,23.44810744810744
241,Beauty,Acne treatment,2023,52.21162185602775,27.20965071355358
242,Daily service,Plumbing service,2015,36.27118644067797,5.08474576271186
243,Daily service,Plumbing service,2019,51.354838709677416,9.59139784946236
244,Exercise,Basketball court,2015,51.99530516431925,3.75586854460093
245,Exercise,Basketball court,2019,64.96872207327972,5.3172475424486105
246,Exercise,Basketball court,2023,72.85531370038413,14.85275288092189
247,F&B,Noodle house,2015,31.40549229558584,2.88133655275387
248,F&B,Noodle house,2019,38.26232570477995,2.92578325771099
249,F&B,Noodle house,2023,44.839815364928484,3.8636259768749097
250,F&B,Vegetarian cuisine,2015,42.89940828402366,15.97633136094675
251,F&B,Vegetarian cuisine,2019,42.36111111111111,9.43486590038313
252,F&B,Vegetarian cuisine,2023,50.796552624706194,10.02872812744841
253,Beauty,Tattoo parlor,2015,41.537654159013385,32.74731041721332
254,Beauty,Tattoo parlor,2019,52.728181688330245,28.17930771794505
255,Beauty,Tattoo parlor,2023,58.93858127999354,35.165544219058745
256,Daily service,Wedding service,2015,37.194659703504044,28.165010107816713
257,Daily service,Wedding service,2019,44.41778273809523,24.23735119047618
258,Daily service,Wedding service,2023,54.42234724584587,30.416721182781618
259,Daily service,Repair service,2015,32.35106518688608,7.22030871284602
260,Daily service,Repair service,2019,35.49036692806661,6.45173782553973
261,Daily service,Repair service,2023,39.85007635000693,7.995927999629809
262,Entertainment,Internet café,2015,33.590323703445875,6.534980856247829
263,Entertainment,Internet café,2019,37.53477757979305,14.98327550095345
264,Entertainment,Internet café,2023,45.1866465275423,23.214450849233987
265,Exercise,Tennis court,2015,60.208432022738045,3.78967314069161
266,Exercise,Tennis court,2019,70.39748953974896,3.24267782426778
267,Exercise,Tennis court,2023,75.60975609756098,9.7560975609756
268,Daily service,Website service,2015,42.36657604807554,29.61797109743883
269,Daily service,Website service,2019,47.03712810425374,30.3417752643226
270,Beauty,Hairdresser,2015,33.71284115562559,5.21091996728938
271,Beauty,Hairdresser,2019,38.22244606799516,4.69240045830415
272,Beauty,Hairdresser,2023,45.04938970514319,7.28914802097276
273,Beauty,Beauty/Spa,2015,37.47956739907245,16.11752071770699
274,Beauty,Beauty/Spa,2019,45.019903994351864,17.49061533757994
275,Beauty,Beauty/Spa,2023,53.98180349176239,22.81896582007236
276,Training,Art studio,2019,49.56991087122213,21.664670472398072
277,Training,Art studio,2023,52.97268992185612,30.2203335213083
278,Beauty,Nail salon,2015,37.27769320318796,22.038148114981627
279,Beauty,Nail salon,2019,48.79774885684136,22.70770313049596
280,Beauty,Nail salon,2023,58.70472499627366,32.6613504248025
281,Beauty,Eyelash salon,2015,39.24611973392461,37.84183296378418
282,Beauty,Eyelash salon,2019,55.7968700095816,33.43979559246247
283,Beauty,Eyelash salon,2023,61.99969092875908,38.865708545819814
284,Exercise,Badminton hall,2015,49.7347761510715,6.19562911096965
285,Exercise,Badminton hall,2019,59.0521327014218,8.00947867298578
286,Exercise,Badminton hall,2023,75.37012113055181,15.07402422611036
287,Training,Vocational training,2015,53.538241601143675,1.71551107934239
288,Training,Vocational training,2019,54.16164860163255,28.2734510905928
289,Training,Vocational training,2023,57.87358098855957,35.34166703476302
291,Training,Study room,2023,67.29968592506026,59.016872397925646
292,F&B,Buffet,2015,38.70528881582676,20.57706479224533
293,F&B,Buffet,2019,43.73967059896279,12.287000626887789
294,F&B,Buffet,2023,54.8945119055695,19.11674920290347
295,Daily service,Bicycle hire,2019,8.53825917877159,0.33741278737275
296,Daily service,Bicycle hire,2023,19.67080410145709,0.64759848893686
297,Training,Dance studio,2015,43.88697821835592,45.721221930002024
298,Training,Dance studio,2019,50.0370354232931,41.597316021088396
299,Training,Dance studio,2023,58.25427923283152,47.89389564858733
300,F&B,Tea room,2015,34.09384124397365,4.69885244788483
301,F&B,Tea room,2019,36.89846261617943,7.61186374951526
302,F&B,Tea room,2023,49.270049520869506,13.927583767444851
303,Daily service,Tailoring service,2015,37.55364806866953,9.44206008583691
304,Daily service,Tailoring service,2019,45.482110369921166,3.26258338386901
305,Daily service,Tailoring service,2023,45.39903588644884,4.56347080878414
306,F&B,Western cuisine,2015,36.56099903938521,14.91450528338136
307,F&B,Western cuisine,2019,44.43093784067996,8.438733080566891
308,F&B,Western cuisine,2023,57.2473805718345,13.937133724027701
309,Training,Language school,2019,49.71112327434166,29.085325062336548
310,Training,Language school,2023,52.11044112980006,36.17105680736274
311,Retail goods,Supermarket/Convenience store,2015,33.775455461393186,1.03392026099889
312,Retail goods,Supermarket/Convenience store,2019,40.441506016777765,2.05725101606821
313,Retail goods,Supermarket/Convenience store,2023,47.77841254325945,3.1216151956251803
314,Exercise,Football pitch,2015,50.86986778009744,3.75782881002088
315,Exercise,Football pitch,2019,61.42983230361872,5.8252427184465905
316,Exercise,Football pitch,2023,72.88135593220339,10.895883777239709
317,Beauty,Foot massage,2015,32.18593461639862,12.02132217242288
318,Beauty,Foot massage,2019,37.51762383682677,12.021219099539419
319,Beauty,Foot massage,2023,44.6933948725014,19.84925200059701
320,Entertainment,Home party venue,2015,45.27720739219713,18.78850102669405
321,Entertainment,Home party venue,2019,59.03004874436972,25.087924970691677
322,Entertainment,Home party venue,2023,66.32722756907792,36.12542688606023
323,Training,Exercise training,2019,54.402789886660855,20.27317640220866
324,Training,Exercise training,2023,67.75174328299019,35.037509501305394
325,Exercise,Exercise venue,2015,53.07036555411068,11.08221355295477
326,Exercise,Exercise venue,2019,61.345646437994716,12.81568036185451
327,Exercise,Exercise venue,2023,72.7707698999565,19.53023053501522
328,Retail goods,Exercise and outdoor equipment,2015,30.643402399127588,4.89518962801405
329,Retail goods,Exercise and outdoor equipment,2019,29.37509176539682,4.59109339176201
330,Retail goods,Exercise and outdoor equipment,2023,38.50778719439144,6.47823579003417
331,Daily service,Water delivery station,2015,38.86596362524835,4.00427938254622
332,Daily service,Water delivery station,2019,46.38830380374179,2.0443563375046403
333,Daily service,Water delivery station,2023,56.60863553516435,2.3977122745270503
334,Daily service,Telecommunications shop,2015,29.69615578311231,2.0312237703541998
335,Daily service,Telecommunications shop,2019,32.53130397236614,3.34844559585492
336,Daily service,Telecommunications shop,2023,43.18918872420407,3.5509982881573103
337,F&B,Bar,2015,37.05576999866897,6.047295798393891
338,F&B,Bar,2019,42.83792201320543,10.1208421577177
339,F&B,Bar,2023,52.23234284007765,14.599820815290428
340,Retail goods,Watch shop,2019,44.45465284158025,10.35568972306076
341,Retail goods,Watch shop,2023,51.096985851958166,7.2380561820791405
342,F&B,Bakery and patisserie,2015,33.77078938330962,6.17426286611392
343,F&B,Bakery and patisserie,2019,40.34341955247639,5.40590748653166
344,F&B,Bakery and patisserie,2023,48.467889652586535,7.2489910492834095
346,Training,Music studio,2019,46.71862675632678,21.34730819106696
347,Training,Music studio,2023,52.903401855557576,30.22193923958522
348,Retail goods,"Food, tea, and alcohol",2015,30.43660816371353,2.55447105105066
349,Retail goods,"Food, tea, and alcohol",2019,33.45587940182535,3.062956036
350,Retail goods,"Food, tea, and alcohol",2023,40.9088782787946,3.2002844142843303
