Fid,CityID ,City,CityName,Year,P_NSF(%)
1,18,北京市,Beijing,2015,43.41406748
2,204,天津市,Tianjin,2015,34.91832593
3,187,石家庄市,Shijiazhuang,2015,31.88677607
4,203,唐山市,Tangshan,2015,32.72742609
5,164,秦皇岛市,Qinhuangdao,2015,37.14145423
6,66,邯郸市,Handan,2015,26.35934463
7,237,邢台市,Xingtai,2015,28.433252
8,15,保定市,Baoding,2015,34.17775412
9,266,张家口市,Zhangjiakou,2015,40.43900033
10,30,承德市,Chengde,2015,36.4698647
11,22,沧州市,Cangzhou,2015,26.39505696
12,117,廊坊市,Langfang,2015,28.56509532
13,200,太原市,Taiyuan,2015,31.73983463
14,78,呼和浩特市,Hohhot,2015,37.12892716
15,13,包头市,Baotou,2015,26.23945628
16,46,鄂尔多斯市,Erdos,2015,32.51591606
17,28,沈阳市,Shenyang,2015,32.39212034
18,36,大连市,Dalian,2015,33.63975188
19,155,盘锦市,Panjin,2015,34.30985148
20,269,长春市,Changchun,2015,31.51551242
21,92,吉林市,Jilin,2015,34.33676755
22,63,哈尔滨市,Harbin,2015,40.65804051
23,180,上海市,Shanghai,2015,28.18999282
24,146,南京市,Nanjing,2015,33.03248332
25,220,无锡市,Wuxi,2015,35.45621486
26,238,徐州市,Xuzhou,2015,36.14115928
27,24,常州市,Changzhou,2015,29.70686099
28,193,苏州市,Suzhou,2015,36.5690006
29,149,南通市,Nantong,2015,31.66868913
30,121,连云港市,Lianyungang,2015,33.4325624
31,83,淮安市,Huai'an,2015,33.53638814
32,244,盐城市,Yancheng,2015,35.84483689
33,245,扬州市,Yangzhou,2015,35.54431614
34,274,镇江市,Zhenjiang,2015,32.01478166
35,202,泰州市,Taizhou,2015,26.46846847
36,68,杭州市,Hangzhou,2015,32.56089276
37,152,宁波市,Ningbo,2015,32.13514846
38,216,温州市,Wenzhou,2015,32.80252053
39,96,嘉兴市,Jiaxing,2015,29.16085866
40,184,绍兴市,Shaoxing,2015,31.89950935
41,102,金华市,Jinhua,2015,28.47091016
42,199,台州市,Taizhou,2015,33.26214386
43,69,合肥市,Hefei,2015,28.03912436
44,222,芜湖市,Wuhu,2015,31.45713654
45,50,福州市,Fuzhou,2015,33.39949532
46,175,厦门市,Xiamen,2015,36.89377436
47,170,泉州市,Quanzhou,2015,32.01353365
48,153,宁德市,Ningde,2015,41.79153631
49,144,南昌市,Nanchang,2015,31.03608978
50,109,九江市,Jiujiang,2015,40.57107955
51,55,赣州市,Ganzhou,2015,26.27955015
52,93,济南市,Ji'nan,2015,32.9603791
53,165,青岛市,Qingdao,2015,32.04539178
54,285,淄博市,Zibo,2015,31.89747056
55,263,枣庄市,Zaozhuang,2015,26.47026492
56,45,东营市,Dongying,2015,29.56295084
57,242,烟台市,Yantai,2015,31.25359499
58,214,潍坊市,Weifang,2015,25.6408499
59,94,济宁市,Jining,2015,28.9097945
60,201,泰安市,Tai'an,2015,30.20123759
61,213,威海市,Weihai,2015,34.21765222
62,171,日照市,Rizhao,2015,20.38066235
63,127,临沂市,Linyi,2015,24.84945165
64,42,德州市,Dezhou,2015,30.07123776
65,20,滨州市,Binzhou,2015,22.00956938
66,275,郑州市,Zhengzhou,2015,28.06130054
67,111,开封市,Kaifeng,2015,36.47185179
68,136,洛阳市,Luoyang,2015,28.61418265
69,4,安阳市,Anyang,2015,27.09041468
70,234,新乡市,Xinxiang,2015,29.57198444
71,99,焦作市,Jiaozuo,2015,25.59245661
72,160,濮阳市,Puyang,2015,20.01392879
73,239,许昌市,Xuchang,2015,24.78873239
74,150,南阳市,Nanyang,2015,30.68136111
75,179,商丘市,Shangqiu,2015,20.81167754
76,280,周口市,Zhoukou,2015,29.16120577
77,224,武汉市,Wuhan,2015,36.7297729
78,250,宜昌市,Yichang,2015,36.21984974
79,232,孝感市,Xiaogan,2015,26.14812419
80,86,黄冈市,Huanggang,2015,34.07771326
81,270,长沙市,Changsha,2015,31.61277984
82,281,株洲市,Zhuzhou,2015,39.47842326
83,230,湘潭市,Xiangtan,2015,35.72106608
84,77,衡阳市,Hengyang,2015,34.77810651
85,183,邵阳市,Shaoyang,2015,30.41609354
86,260,岳阳市,Yueyang,2015,32.5648415
87,23,常德市,Changde,2015,28.15445676
88,27,郴州市,Chenzhou,2015,34.07960199
89,59,广州市,Guangzhou,2015,36.98961346
90,185,深圳市,Shenzhen,2015,41.22015318
91,282,珠海市,Zhuhai,2015,35.1570065
92,176,汕头市,Shantou,2015,27.83803567
93,49,佛山市,Foshan,2015,33.15741541
94,98,江门市,Jiangmen,2015,31.14142068
95,139,茂名市,Maoming,2015,24.46909667
96,273,肇庆市,Zhaoqing,2015,32.04633205
97,89,惠州市,Huizhou,2015,30.08273326
98,141,梅州市,Meizhou,2015,32.87715605
99,166,清远市,Qingyuan,2015,34.37474837
100,44,东莞市,Dongguan,2015,35.157814
101,276,中山市,Zhongshan,2015,32.09210911
102,26,潮州市,Chaozhou,2015,26.98275031
103,147,南宁市,Nanning,2015,34.94337109
104,62,桂林市,Guilin,2015,35.83624854
105,17,北海市,Beihai,2015,27.9873946
106,65,海口市,Haikou,2015,31.0815433
107,174,三亚市,Sanya,2015,35.32056861
108,278,重庆市,Chongqing,2015,32.7974746
109,29,成都市,Chengdu,2015,29.69264369
110,41,德阳市,Deyang,2015,30.4513911
111,142,绵阳市,Mianyang,2015,36.72875672
112,140,眉山市,Meishan,2015,34.37209782
113,61,贵阳市,Guiyang,2015,32.00738615
114,113,昆明市,Kunming,2015,34.46374584
115,119,丽江市,Lijiang,2015,48.4
116,114,拉萨市,Lasa,2015,38.3241174
117,116,兰州市,Lanzhou,2015,33.32476545
118,227,西宁市,Xining,2015,37.02782476
119,253,银川市,Yinchuan,2015,28.71175688
120,219,乌鲁木齐市,Urumqi,2015,36.3819178
121,18,北京市,Beijing,2019,54.99342998
122,204,天津市,Tianjin,2019,44.2272447
123,187,石家庄市,Shijiazhuang,2019,41.20617416
124,203,唐山市,Tangshan,2019,36.47782702
125,164,秦皇岛市,Qinhuangdao,2019,40.66375998
126,66,邯郸市,Handan,2019,33.28423692
127,237,邢台市,Xingtai,2019,31.83602169
128,15,保定市,Baoding,2019,35.83089931
129,266,张家口市,Zhangjiakou,2019,42.01470727
130,30,承德市,Chengde,2019,37.36028413
131,22,沧州市,Cangzhou,2019,37.98901853
132,117,廊坊市,Langfang,2019,38.34748574
133,200,太原市,Taiyuan,2019,39.7353562
134,78,呼和浩特市,Hohhot,2019,40.33114401
135,13,包头市,Baotou,2019,27.17784409
136,46,鄂尔多斯市,Erdos,2019,31.25368494
137,28,沈阳市,Shenyang,2019,35.85442657
138,36,大连市,Dalian,2019,40.20641851
139,155,盘锦市,Panjin,2019,35.51926677
140,269,长春市,Changchun,2019,37.8418048
141,92,吉林市,Jilin,2019,38.15940613
142,63,哈尔滨市,Harbin,2019,47.73406646
143,180,上海市,Shanghai,2019,40.44531612
144,146,南京市,Nanjing,2019,43.70143338
145,220,无锡市,Wuxi,2019,38.96641218
146,238,徐州市,Xuzhou,2019,39.38940437
147,24,常州市,Changzhou,2019,32.07629017
148,193,苏州市,Suzhou,2019,41.73413658
149,149,南通市,Nantong,2019,35.306415
150,121,连云港市,Lianyungang,2019,34.77330113
151,83,淮安市,Huai'an,2019,32.93628462
152,244,盐城市,Yancheng,2019,39.09183371
153,245,扬州市,Yangzhou,2019,37.5903199
154,274,镇江市,Zhenjiang,2019,33.66578848
155,202,泰州市,Taizhou,2019,25.05962353
156,68,杭州市,Hangzhou,2019,43.48345509
157,152,宁波市,Ningbo,2019,37.12433263
158,216,温州市,Wenzhou,2019,35.84615834
159,96,嘉兴市,Jiaxing,2019,31.82966604
160,184,绍兴市,Shaoxing,2019,35.28816583
161,102,金华市,Jinhua,2019,31.22709243
162,199,台州市,Taizhou,2019,31.48044972
163,69,合肥市,Hefei,2019,39.46336439
164,222,芜湖市,Wuhu,2019,39.59462171
165,50,福州市,Fuzhou,2019,40.72230335
166,175,厦门市,Xiamen,2019,44.11683302
167,170,泉州市,Quanzhou,2019,35.22917286
168,153,宁德市,Ningde,2019,39.81815658
169,144,南昌市,Nanchang,2019,38.24548553
170,109,九江市,Jiujiang,2019,39.12464258
171,55,赣州市,Ganzhou,2019,29.5455069
172,93,济南市,Ji'nan,2019,43.28195678
173,165,青岛市,Qingdao,2019,37.21263551
174,285,淄博市,Zibo,2019,34.64779523
175,263,枣庄市,Zaozhuang,2019,28.288694
176,45,东营市,Dongying,2019,33.7982172
177,242,烟台市,Yantai,2019,38.40894894
178,214,潍坊市,Weifang,2019,30.21817721
179,94,济宁市,Jining,2019,35.54876315
180,201,泰安市,Tai'an,2019,30.92143236
181,213,威海市,Weihai,2019,40.0262531
182,171,日照市,Rizhao,2019,25.9403224
183,127,临沂市,Linyi,2019,29.32199736
184,42,德州市,Dezhou,2019,32.0394891
185,20,滨州市,Binzhou,2019,28.87768891
186,275,郑州市,Zhengzhou,2019,39.30457557
187,111,开封市,Kaifeng,2019,36.41085573
188,136,洛阳市,Luoyang,2019,33.42387069
189,4,安阳市,Anyang,2019,34.43608735
190,234,新乡市,Xinxiang,2019,30.41200574
191,99,焦作市,Jiaozuo,2019,31.78428862
192,160,濮阳市,Puyang,2019,25.61701383
193,239,许昌市,Xuchang,2019,26.93418504
194,150,南阳市,Nanyang,2019,35.10605468
195,179,商丘市,Shangqiu,2019,25.25982163
196,280,周口市,Zhoukou,2019,26.60584346
197,224,武汉市,Wuhan,2019,47.68482822
198,250,宜昌市,Yichang,2019,43.96185899
199,232,孝感市,Xiaogan,2019,30.39094012
200,86,黄冈市,Huanggang,2019,32.88077018
201,270,长沙市,Changsha,2019,42.87121473
202,281,株洲市,Zhuzhou,2019,40.78249754
203,230,湘潭市,Xiangtan,2019,37.12714417
204,77,衡阳市,Hengyang,2019,36.63702123
205,183,邵阳市,Shaoyang,2019,33.52003078
206,260,岳阳市,Yueyang,2019,37.05797732
207,23,常德市,Changde,2019,29.6354629
208,27,郴州市,Chenzhou,2019,36.94904658
209,59,广州市,Guangzhou,2019,48.31148923
210,185,深圳市,Shenzhen,2019,56.14776948
211,282,珠海市,Zhuhai,2019,39.15883155
212,176,汕头市,Shantou,2019,32.32776033
213,49,佛山市,Foshan,2019,36.35547336
214,98,江门市,Jiangmen,2019,33.36400525
215,139,茂名市,Maoming,2019,25.85701599
216,273,肇庆市,Zhaoqing,2019,29.84997413
217,89,惠州市,Huizhou,2019,35.08948938
218,141,梅州市,Meizhou,2019,30.18512326
219,166,清远市,Qingyuan,2019,36.01845917
220,44,东莞市,Dongguan,2019,35.36059658
221,276,中山市,Zhongshan,2019,30.32036345
222,26,潮州市,Chaozhou,2019,32.45584916
223,147,南宁市,Nanning,2019,44.67100252
224,62,桂林市,Guilin,2019,40.64328722
225,17,北海市,Beihai,2019,29.93365767
226,65,海口市,Haikou,2019,36.6827263
227,174,三亚市,Sanya,2019,36.38784258
228,278,重庆市,Chongqing,2019,40.81856667
229,29,成都市,Chengdu,2019,35.80560551
230,41,德阳市,Deyang,2019,29.61450002
231,142,绵阳市,Mianyang,2019,37.05942819
232,140,眉山市,Meishan,2019,28.98303563
233,61,贵阳市,Guiyang,2019,40.7790377
234,113,昆明市,Kunming,2019,47.32648051
235,119,丽江市,Lijiang,2019,40.10538901
236,114,拉萨市,Lasa,2019,33.28229665
237,116,兰州市,Lanzhou,2019,40.78017898
238,227,西宁市,Xining,2019,37.70830261
239,253,银川市,Yinchuan,2019,36.31979073
240,219,乌鲁木齐市,Urumqi,2019,45.30472364
241,18,北京市,Beijing,2023,59.54226315
242,204,天津市,Tianjin,2023,50.13327209
243,187,石家庄市,Shijiazhuang,2023,51.04749254
244,203,唐山市,Tangshan,2023,45.89414595
245,164,秦皇岛市,Qinhuangdao,2023,50.22524744
246,66,邯郸市,Handan,2023,47.07546385
247,237,邢台市,Xingtai,2023,47.36030668
248,15,保定市,Baoding,2023,49.19292852
249,266,张家口市,Zhangjiakou,2023,49.77937327
250,30,承德市,Chengde,2023,44.42397857
251,22,沧州市,Cangzhou,2023,56.96086157
252,117,廊坊市,Langfang,2023,52.86744709
253,200,太原市,Taiyuan,2023,51.94873512
254,78,呼和浩特市,Hohhot,2023,49.89472115
255,13,包头市,Baotou,2023,36.43373953
256,46,鄂尔多斯市,Erdos,2023,41.82940949
257,28,沈阳市,Shenyang,2023,45.14078362
258,36,大连市,Dalian,2023,47.05748279
259,155,盘锦市,Panjin,2023,45.37860815
260,269,长春市,Changchun,2023,48.45561695
261,92,吉林市,Jilin,2023,49.35768457
262,63,哈尔滨市,Harbin,2023,55.09454553
263,180,上海市,Shanghai,2023,47.49017072
264,146,南京市,Nanjing,2023,51.53952656
265,220,无锡市,Wuxi,2023,45.16269087
266,238,徐州市,Xuzhou,2023,47.89391292
267,24,常州市,Changzhou,2023,38.63309896
268,193,苏州市,Suzhou,2023,47.75337049
269,149,南通市,Nantong,2023,45.02452246
270,121,连云港市,Lianyungang,2023,45.58599696
271,83,淮安市,Huai'an,2023,41.68134467
272,244,盐城市,Yancheng,2023,50.34400028
273,245,扬州市,Yangzhou,2023,47.29501085
274,274,镇江市,Zhenjiang,2023,40.47048453
275,202,泰州市,Taizhou,2023,34.12701298
276,68,杭州市,Hangzhou,2023,51.57254386
277,152,宁波市,Ningbo,2023,44.94245442
278,216,温州市,Wenzhou,2023,37.10590201
279,96,嘉兴市,Jiaxing,2023,39.86947748
280,184,绍兴市,Shaoxing,2023,40.81632653
281,102,金华市,Jinhua,2023,37.38731615
282,199,台州市,Taizhou,2023,38.17450196
283,69,合肥市,Hefei,2023,50.84109967
284,222,芜湖市,Wuhu,2023,48.20523139
285,50,福州市,Fuzhou,2023,47.24125789
286,175,厦门市,Xiamen,2023,47.7472785
287,170,泉州市,Quanzhou,2023,37.71425285
288,153,宁德市,Ningde,2023,47.00083893
289,144,南昌市,Nanchang,2023,46.79729969
290,109,九江市,Jiujiang,2023,42.79603547
291,55,赣州市,Ganzhou,2023,40.0245048
292,93,济南市,Ji'nan,2023,56.1892562
293,165,青岛市,Qingdao,2023,46.97883304
294,285,淄博市,Zibo,2023,45.71939106
295,263,枣庄市,Zaozhuang,2023,37.88627936
296,45,东营市,Dongying,2023,44.63060408
297,242,烟台市,Yantai,2023,50.05842002
298,214,潍坊市,Weifang,2023,44.93468293
299,94,济宁市,Jining,2023,43.81981721
300,201,泰安市,Tai'an,2023,43.56983127
301,213,威海市,Weihai,2023,51.96503315
302,171,日照市,Rizhao,2023,42.0374334
303,127,临沂市,Linyi,2023,45.39388458
304,42,德州市,Dezhou,2023,48.52227614
305,20,滨州市,Binzhou,2023,43.80138951
306,275,郑州市,Zhengzhou,2023,50.94177059
307,111,开封市,Kaifeng,2023,41.79637356
308,136,洛阳市,Luoyang,2023,43.22537195
309,4,安阳市,Anyang,2023,47.66479085
310,234,新乡市,Xinxiang,2023,41.91629836
311,99,焦作市,Jiaozuo,2023,44.91691561
312,160,濮阳市,Puyang,2023,41.1956432
313,239,许昌市,Xuchang,2023,41.20365818
314,150,南阳市,Nanyang,2023,49.59482421
315,179,商丘市,Shangqiu,2023,39.88190429
316,280,周口市,Zhoukou,2023,46.29097558
317,224,武汉市,Wuhan,2023,56.60573746
318,250,宜昌市,Yichang,2023,56.74330122
319,232,孝感市,Xiaogan,2023,42.34659474
320,86,黄冈市,Huanggang,2023,44.36680152
321,270,长沙市,Changsha,2023,48.51130153
322,281,株洲市,Zhuzhou,2023,46.36896844
323,230,湘潭市,Xiangtan,2023,42.97029703
324,77,衡阳市,Hengyang,2023,44.63032537
325,183,邵阳市,Shaoyang,2023,41.23929045
326,260,岳阳市,Yueyang,2023,47.79160811
327,23,常德市,Changde,2023,37.22426471
328,27,郴州市,Chenzhou,2023,45.43079316
329,59,广州市,Guangzhou,2023,52.3473862
330,185,深圳市,Shenzhen,2023,60.42196862
331,282,珠海市,Zhuhai,2023,46.5700233
332,176,汕头市,Shantou,2023,35.90859418
333,49,佛山市,Foshan,2023,43.45802734
334,98,江门市,Jiangmen,2023,34.5990858
335,139,茂名市,Maoming,2023,36.20119547
336,273,肇庆市,Zhaoqing,2023,36.4384567
337,89,惠州市,Huizhou,2023,40.19475747
338,141,梅州市,Meizhou,2023,35.04997459
339,166,清远市,Qingyuan,2023,40.27639492
340,44,东莞市,Dongguan,2023,39.63178552
341,276,中山市,Zhongshan,2023,35.93686162
342,26,潮州市,Chaozhou,2023,34.81929405
343,147,南宁市,Nanning,2023,51.0903574
344,62,桂林市,Guilin,2023,47.50753111
345,17,北海市,Beihai,2023,38.34551632
346,65,海口市,Haikou,2023,45.85327108
347,174,三亚市,Sanya,2023,47.2559789
348,278,重庆市,Chongqing,2023,49.53236813
349,29,成都市,Chengdu,2023,45.40365213
350,41,德阳市,Deyang,2023,35.60791819
351,142,绵阳市,Mianyang,2023,43.85924739
352,140,眉山市,Meishan,2023,33.270156
353,61,贵阳市,Guiyang,2023,47.04807422
354,113,昆明市,Kunming,2023,54.52181145
355,119,丽江市,Lijiang,2023,44.61440812
356,114,拉萨市,Lasa,2023,44.7042401
357,116,兰州市,Lanzhou,2023,48.57964306
358,227,西宁市,Xining,2023,47.13259264
359,253,银川市,Yinchuan,2023,44.04555026
360,219,乌鲁木齐市,Urumqi,2023,59.31050767
